current,discount,vi_v0,vi_v1,vi_v2,vi_v3,vi_v4,vi_v5,vi_policy,vi_bellman_residual,vi_direct_solve_error,pi_v0,pi_v1,pi_v2,pi_v3,pi_v4,pi_v5,pi_policy,pi_bellman_residual,pi_direct_solve_error,max_abs_pi_vi_difference
weak,0.0,0.005,0.0,0.0,0.0,0.0,1.0,0 0 0 0 0 1,0.0,0.0,0.005,0.0,0.0,0.0,0.0,1.0,0 0 0 0 0 1,0.0,0.0,0.0
weak,0.01,0.0050505050505,5.05050505e-05,5.050505000000001e-07,1.2517545420375e-05,0.0035549109087872196,1.009592910100535,0 0 0 1 1 1,8.744116541947733e-13,8.830713937868495e-13,0.0050505050505,5.05050505e-05,5.050505000000001e-07,1.2517545420375e-05,0.0035549109087872196,1.009592910100535,0 0 0 1 1 1,8.744116541947733e-13,8.830713937868495e-13,0.0
weak,0.02,0.00510204081632,0.00010204081631999999,2.04081632e-06,5.117253817376098e-05,0.007222346811756584,1.0193753540730865,0 0 0 1 1 1,1.113775738303957e-12,1.1364242880063102e-12,0.00510204081632,0.00010204081631999999,2.04081632e-06,5.117253817376098e-05,0.007222346811756584,1.0193753540730865,0 0 0 1 1 1,1.113775738303957e-12,1.1364242880063102e-12,0.0
weak,0.03,0.00515463917525435,0.00015463917525435,4.63917525435e-06,0.0001176937035465765,0.011006500813939304,1.0293530723115305,0 0 0 1 1 1,5.691003224228552e-13,5.864198016070077e-13,0.00515463917525435,0.00015463917525435,4.63917525435e-06,0.0001176937035465765,0.011006500813939304,1.0293530723115305,0 0 0 1 1 1,5.691003224228552e-13,5.864198016070077e-13,0.0
weak,0.04,0.005208333333331968,0.00020833333333196798,8.333333331968e-06,0.00021391525313330207,0.014911758612070341,1.0395320410779598,0 0 0 1 1 1,2.2670754162845697e-13,2.362554596402333e-13,0.005208333333331968,0.00020833333333196798,8.333333331968e-06,0.00021391525313330207,0.014911758612070341,1.0395320410779598,0 0 0 1 1 1,2.2670754162845697e-13,2.362554596402333e-13,0.0
weak,0.05,0.005263157894726563,0.0002631578947265625,1.31578947265625e-05,0.00034178381931678636,0.0189427092184735,1.049918484799325,0 0 0 1 1 1,1.6890933096647132e-12,1.7776891070298007e-12,0.005263157894726563,0.0002631578947265625,1.31578947265625e-05,0.00034178381931678636,0.0189427092184735,1.049918484799325,0 0 0 1 1 1,1.6890933096647132e-12,1.7776891070298007e-12,0.0
weak,0.06,0.0053191489361669965,0.00031914893616699646,1.9148936166996477e-05,0.0005033659033010353,0.023104156399752156,1.0605188891502413,0 0 0 1 1 1,5.218048215738236e-13,5.548894677076532e-13,0.0053191489361669965,0.00031914893616699646,1.9148936166996477e-05,0.0005033659033010353,0.023104156399752156,1.0605188891502413,0 0 0 1 1 1,5.218048215738236e-13,5.548894677076532e-13,0.0
weak,0.07,0.005376344086006318,0.0003763440860063186,2.6344086006318543e-05,0.0007008558541642257,0.02740113085532729,1.0713400149497119,0 0 0 1 1 1,2.4376056728669937e-12,2.6207924719301445e-12,0.005376344086006318,0.0003763440860063186,2.6344086006318543e-05,0.0007008558541642257,0.02740113085532729,1.0713400149497119,0 0 0 1 1 1,2.4376056728669937e-12,2.6207924719301445e-12,0.0
weak,0.08,0.005434782608690984,0.0004347826086909838,3.478260869098373e-05,0.0009365844758788322,0.03183890325755615,1.0823889130003141,0 0 0 1 1 1,7.398526236102043e-13,8.042455590384634e-13,0.005434782608690984,0.0004347826086909838,3.478260869098373e-05,0.0009365844758788322,0.03183890325755615,1.0823889130003141,0 0 0 1 1 1,7.398526236102043e-13,8.042455590384634e-13,0.0
weak,0.09,0.005494505494488253,0.0004945054944882521,4.4505494488252166e-05,0.001213028238421179,0.036422998128526105,1.0936729398456806,0 0 0 1 1 1,2.703393064962256e-12,2.970512724687069e-12,0.005494505494488253,0.0004945054944882521,4.4505494488252166e-05,0.001213028238421179,0.036422998128526105,1.0936729398456806,0 0 0 1 1 1,2.703393064962256e-12,2.970512724687069e-12,0.0
weak,0.1,0.0055555555555,0.0005555555555000001,6.002901901895532e-05,0.001532843028889372,0.04115920884958135,1.1051997746250053,0 0 1 1 1 1,8.617995206350315e-12,9.574341319762425e-12,0.0055555555555,0.0005555555555000001,6.00290189582566e-05,0.0015328430288640976,0.041159208849575746,1.105199774625004,0 0 1 1 1 1,8.619327473979865e-12,9.575673587391975e-12,6.069871981342206e-14
weak,0.11,0.005617977528072256,0.0006179775280722561,8.191020822687794e-05,0.0018988379231885978,0.0460536134176037,1.1169774370419823,0 0 1 1 1 1,2.701616708122856e-12,3.035349749325178e-12,0.005617977528072256,0.0006179775280722561,8.191020821956837e-05,0.0018988379231852878,0.046053613417602834,1.116977437041982,0 0 1 1 1 1,2.701838752727781e-12,3.035571793930103e-12,7.309569074152866e-15
weak,0.12,0.005681818181767522,0.0006818181817675221,0.00010913634221018653,0.0023139910015714292,0.05111259139073858,1.1290143064793101,0 0 1 1 1 1,7.675637903048482e-12,8.721245947640455e-12,0.005681818181767522,0.0006818181817675221,0.00010913634219810368,0.0023139910015658387,0.05111259139073707,1.1290143064793097,0 0 1 1 1 1,7.676081992258332e-12,8.721690036850305e-12,1.2082850453683236e-14
weak,0.13,0.005747126436764203,0.0007471264367642027,0.00014253114950382902,0.002781481318152843,0.05634284231393269,1.1413191425812157,0 0 1 1 1 1,2.6050273049804673e-12,2.994049452809122e-12,0.005747126436764203,0.0007471264367642027,0.0001425311495009422,0.002781481318151435,0.056342842313932245,1.1413191425812155,0 0 1 1 1 1,2.6052493495853923e-12,2.994271497414047e-12,2.8868238095142162e-15
weak,0.14,0.005813953488325947,0.0008139534883259469,0.0001829996535615627,0.0033046941512959315,0.061751405129614086,1.1539011070692973,0 0 1 1 1 1,6.8265393338151625e-12,7.936984403045244e-12,0.005813953488325947,0.0008139534883259469,0.0001829996535545379,0.0033046941512925036,0.06175140512961302,1.1539011070692968,0 0 1 1 1 1,6.826983423025013e-12,7.937428492255094e-12,7.0248169260767046e-15
weak,0.15,0.0058823529411592985,0.0008823529411592982,0.00023153574748857123,0.003887235906925106,0.06734567922963458,1.1667697872789657,0 0 1 1 1 1,2.5091040356528538e-12,2.951638933268441e-12,0.0058823529411592985,0.0008823529411592982,0.0002315357474867125,0.003887235906924153,0.06734567922963426,1.1667697872789657,0 0 1 1 1 1,2.5091040356528538e-12,2.951638933268441e-12,1.8587290994548367e-15
weak,0.16,0.005952380952338061,0.000952380952338061,0.0002892303613431831,0.0045329500690708185,0.07313344688169637,1.1799352211896939,0 0 1 1 1 1,6.193046075964048e-12,7.372102928115964e-12,0.005952380952338061,0.000952380952338061,0.00028923036133888207,0.004532950069068615,0.07313344688169561,1.1799352211896934,0 0 1 1 1 1,6.193490165173898e-12,7.372547017325815e-12,4.301030018249996e-15
weak,0.17,0.006024096385440736,0.0010240963854407363,0.0003572805308148098,0.005245934599799106,0.0791228974743026,1.1934079244055573,0 0 1 1 1 1,1.4471757125988916e-11,1.7433832155688833e-11,0.006024096385440736,0.0010240963854407363,0.00035728053080535076,0.0052459345997942575,0.07912289747430093,1.1934079244055564,0 0 1 1 1 1,1.447242325980369e-11,1.7434720334108533e-11,9.459067643741159e-15
weak,0.18,0.006097560975568618,0.001097560975568618,0.00043699929299018814,0.006030560717348746,0.08532265351973728,1.207198919030015,0 0 1 1 1 1,5.795142143938392e-12,7.0667915963440464e-12,0.006097560975568618,0.001097560975568618,0.00043699929298739827,0.0060305607173472475,0.08532265351973672,1.2071989190300145,0 0 1 1 1 1,5.795586233148242e-12,7.0672356855538965e-12,2.7898690302397e-15
weak,0.19,0.006172839506079129,0.0011728395060791289,0.0005298264788597103,0.006891493163477241,0.09174179855157429,1.2213197645798652,0 0 1 1 1 1,1.3040457602642164e-11,1.6097567723249995e-11,0.006172839506079129,0.0011728395060791289,0.0005298264788537631,0.006891493163474041,0.09174179855157308,1.2213197645798646,0 0 1 1 1 1,1.3040901691852014e-11,1.609823385706477e-11,5.9471741767347375e-15
weak,0.2,0.00624999999995904,0.0012499999999590402,0.0006373407546892664,0.007833712409951718,0.09838990740851518,1.235782591442541,0 0 1 1 1 1,5.626832333405218e-12,7.032818771790517e-12,0.00624999999995904,0.0012499999999590402,0.0006373407546873439,0.007833712409950634,0.09838990740851473,1.2357825914425409,0 0 1 1 1 1,5.6270543780101434e-12,7.033040816395442e-12,1.9225072922512965e-15
weak,0.21,0.006329113923960091,0.0013291139239600906,0.000761272613348461,0.008862538474015788,0.10527707857966669,1.2506001365556574,0 0 1 1 1 1,1.2282619366033032e-11,1.5546230969221142e-11,0.006329113923960091,0.0013291139239600906,0.0007612726133444642,0.00886253847401353,0.10527707857966574,1.2506001365556567,0 0 1 1 1 1,1.2283285499847807e-11,1.5546897103035917e-11,3.9968028886505635e-15
weak,0.22,0.006410256410213942,0.0014102564102139424,0.0009035189068203418,0.009983657081644198,0.11241396940734241,1.2657857821211058,0 0 1 1 1 1,5.686118242920202e-12,7.289280290478928e-12,0.006410256410213942,0.0014102564102139424,0.0009035189068189324,0.00998365708164336,0.11241396940734201,1.2657857821211056,0 0 1 1 1 1,5.686340287525127e-12,7.289502335083853e-12,1.4093544040139072e-15
weak,0.23,0.006493506493414903,0.0014935064934149028,0.0010661586026560932,0.011203147835739922,0.11981183381528152,1.2813535970272167,0 0 1 1 1 1,1.2105871860512707e-11,1.572053598408729e-11,0.006493506493414903,0.0014935064934149028,0.0010661586026532227,0.011203147835738215,0.1198118338152807,1.281353597027216,0 0 1 1 1 1,1.2106315949722557e-11,1.5721202117902067e-11,2.8705336718726215e-15
weak,0.24,0.006578947368375138,0.001578947368375137,0.001251470368473828,0.012527515142504565,0.1274825633732315,1.297318381806335,0 0 1 1 1 1,5.988098905618244e-12,7.878586671949961e-12,0.006578947368375138,0.001578947368375137,0.0012514703684727282,0.01252751514250388,0.1274825633732311,1.2973183818063347,0 0 1 1 1 1,5.988320950223169e-12,7.878808716554886e-12,1.0998146837692957e-15
weak,0.25,0.0066666666665696536,0.0016666666665696539,0.0014619517243594018,0.013963721631444458,0.13543873145421942,1.313695716892711,0 0 1 1 1 1,1.248556813493451e-11,1.6646017897414822e-11,0.0066666666665696536,0.0016666666665696539,0.0014619517243572003,0.013963721631443077,0.1354387314542187,1.3136957168927104,0 0 1 1 1 1,1.248601222414436e-11,1.6646684031229597e-11,2.2015809314490653e-15
weak,0.26,0.006756756756557571,0.0017567567565575709,0.0017003403751965987,0.015519224833569392,0.1436936413088852,1.330502015022207,0 0 1 1 1 1,2.5293545036220166e-11,3.4177327634665744e-11,0.006756756756557571,0.0017567567565575709,0.0017003403751923098,0.015519224833566702,0.14369364130888376,1.330502015022206,0 0 1 1 1 1,2.5294433214639866e-11,3.417843785769037e-11,4.2888869539181584e-15
weak,0.27,0.006849315068385614,0.0018493150683856136,0.0019696376578409855,0.017202017091303003,0.15226137806555332,1.347754577794778,0 0 1 1 1 1,1.3467671422517924e-11,1.844702168796175e-11,0.006849315068385614,0.0018493150683856136,0.001969637657839183,0.017202017091301806,0.15226137806555262,1.3477545777947775,0 0 1 1 1 1,1.3467893467122849e-11,1.84474657771716e-11,1.8023776915399026e-15
weak,0.28,0.006944444444226854,0.0019444444442268541,0.002273134331736678,0.019020669023452383,0.1611568650299916,1.3654716567895684,0 0 1 1 1 1,2.687672306933564e-11,3.732547604329284e-11,0.006944444444226854,0.0019444444442268541,0.0022731343317332095,0.019020669023450083,0.16115686502999022,1.365471656789567,0 0 1 1 1 1,2.687761124775534e-11,3.732680831092239e-11,3.4685795902156258e-15
weak,0.29,0.0070422535210021165,0.0020422535210021164,0.002614439435879669,0.020984377446021742,0.1703959252547305,1.3836725202222426,0 0 1 1 1 1,1.5178747148070215e-11,2.137690024994754e-11,0.0070422535210021165,0.0020422535210021164,0.002614439435878095,0.020984377446020636,0.17039592525472982,1.383672520222242,0 0 1 1 1 1,1.517941328188499e-11,2.1377566383762314e-11,1.5738278735799582e-15
weak,0.3,0.007142857142608087,0.0021428571426080865,0.0029975117659644963,0.023103017296632316,0.17999534796027686,1.4023775247405623,0 0 1 1 1 1,2.990208081143919e-11,4.271361042640365e-11,0.007142857142608087,0.0021428571426080865,0.0029975117659614982,0.023103017296630213,0.17999534796027553,1.4023775247405612,0 0 1 1 1 1,2.9902746945253966e-11,4.271472064942827e-11,2.998035847356917e-15
weak,0.31,0.007246376811443293,0.0022463768114432936,0.003426695244454929,0.02538719911080191,0.18997296144979695,1.4216081940249694,0 0 1 1 1 1,1.7855938949651318e-11,2.5876412124148374e-11,0.007246376811443293,0.0022463768114432936,0.0034266952444534627,0.02538719911080082,0.1899729614497962,1.4216081940249685,0 0 1 1 1 1,1.7856605083466093e-11,2.5877300302568074e-11,1.4662750180693962e-15
weak,0.32,0.007352941176375142,0.002352941176375142,0.00390675764615177,0.027848331506426495,0.20034771201530116,1.4413873037085012,0 0 1 1 1 1,1.1127987420422869e-11,1.6363355115345257e-11,0.007352941176375142,0.002352941176375142,0.003906757646151009,0.027848331506425898,0.20034771201530072,1.441387303708501,0 0 1 1 1 1,1.1128209465027794e-11,1.6363577159950182e-11,7.615436059538183e-16
weak,0.33,0.007462686566973545,0.002462686566973545,0.004442933955516887,0.030498690238689168,0.21113975049812497,1.4617389743063662,0 0 1 1 1 1,2.1898705071521363e-11,3.268207926510058e-11,0.007462686566973545,0.002462686566973545,0.004442933955515434,0.030498690238688023,0.21113975049812414,1.4617389743063653,0 0 1 1 1 1,2.1899371205336138e-11,3.2682967443520283e-11,1.452830911130576e-15
weak,0.34,0.007575757575630683,0.002575757575630682,0.005040974440211271,0.0333514940155336,0.2223705267639329,1.4826887724381537,0 0 1 1 1 1,1.435673802063775e-11,2.1751045409246217e-11,0.007575757575630683,0.002575757575630682,0.005040974440210461,0.03335149401553293,0.22237052676393237,1.4826887724381532,0 0 1 1 1 1,1.43571821098476e-11,2.1751489498456067e-11,8.101158632811689e-16
weak,0.35,0.0076923076920567225,0.0026923076920567224,0.005707197921686292,0.03642098773335041,0.23406289284113654,1.5042638211187347,0 0 1 1 1 1,2.7964297544258443e-11,4.3018921758175566e-11,0.0076923076920567225,0.0026923076920567224,0.005707197921684757,0.03642098773334913,0.23406289284113552,1.5042638211187338,0 0 1 1 1 1,2.7964963678073218e-11,4.3019809936595266e-11,1.5352302762394743e-15
weak,0.36,0.007812499999824592,0.0028124999998245916,0.006448551466756907,0.03972253465364982,0.24624121635615753,1.526492920782932,0 0 1 1 1 1,1.9241497284383513e-11,3.006261906079999e-11,0.007812499999824592,0.0028124999998245916,0.0064485514667559935,0.03972253465364902,0.24624121635615684,1.5264929207829314,0 0 1 1 1 1,1.9241941373593363e-11,3.0063285194614764e-11,9.13331910101789e-16
weak,0.37,0.007936507936380682,0.0029365079363806823,0.007272676505082308,0.043272717651532525,0.2589315044864314,1.5494066812941554,0 0 1 1 1 1,1.3739231974341237e-11,2.1806556560477475e-11,0.007936507936380682,0.0029365079363806823,0.007272676505081733,0.043272717651532004,0.25893150448643093,1.549406681294155,0 0 1 1 1 1,1.3739454018946162e-11,2.1807000649687325e-11,5.750608322863116e-16
weak,0.38,0.008064516128780393,0.003064516128780393,0.008187982939620154,0.04708945147227121,0.272161540503219,1.573037667046635,0 0 1 1 1 1,2.6761259874774623e-11,4.315992008230296e-11,0.008064516128780393,0.003064516128780393,0.008187982939619061,0.04708945147227022,0.2721615405032181,1.5730376670466342,0 0 1 1 1 1,2.67619260085894e-11,4.316080826072266e-11,1.0928757898653885e-15
weak,0.39,0.008196721311284284,0.0031967213112842844,0.009203731906053473,0.05119210689788796,0.2859610339280112,1.5974205562217931,0 0 1 1 1 1,1.9977353105105067e-11,3.274758242355347e-11,0.008196721311284284,0.0031967213112842844,0.009203731906052745,0.05119210689788728,0.2859610339280106,1.5974205562217925,0 0 1 1 1 1,1.9978019238919842e-11,3.274824855736824e-11,7.28583859910259e-16
weak,0.4,0.008333333332958034,0.0033333333329580335,0.010330128106049725,0.055601648049686626,0.3003617856672754,1.622592315604452,0 0 1 1 1 1,3.8585357131637465e-11,6.430345145247429e-11,0.008333333332958034,0.0033333333329580335,0.010330128106048345,0.05560164804968531,0.3003617856672743,1.622592315604451,0 0 1 1 1 1,3.858602326545224e-11,6.430433963089399e-11,1.3808398868775384e-15
weak,0.41,0.00847457627088908,0.0034745762708890803,0.011578423710130313,0.06034078529359069,0.3153978707648173,1.648592393645569,0 0 1 1 1 1,3.0058844302516263e-11,5.094280552953023e-11,0.00847457627088908,0.0034745762708890803,0.011578423710129335,0.06034078529358973,0.31539787076481646,1.6485923936455684,0 0 1 1 1 1,3.005906634712119e-11,5.094347166334501e-11,9.783840404509192e-16
weak,0.42,0.0086206896549289,0.0036206896549289005,0.012961034377561373,0.0654341445741534,0.3311058397499594,1.6754629327962625,0 0 1 1 1 1,2.419531242026096e-11,4.1712633347401606e-11,0.0086206896549289,0.0036206896549289005,0.012961034377560647,0.06543414457415267,0.3311058397499586,1.6754629327962616,0 0 1 1 1 1,2.419575650947081e-11,4.1713521525821307e-11,8.881784197001252e-16
weak,0.43,0.008771929824355491,0.003771929824355492,0.01449167003349817,0.07090845641776071,0.3475249420329604,1.7032490046214783,0 0 1 1 1 1,2.0104362619122185e-11,3.526734460024272e-11,0.008771929824355491,0.003771929824355492,0.014491670033497602,0.07090845641776011,0.34752494203295975,1.7032490046214774,0 0 1 1 1 1,2.0104806708332035e-11,3.526823277866242e-11,8.881784197001252e-16
weak,0.44,0.008928571428163196,0.0039285714281631955,0.01618548173794409,0.07679276637200734,0.3646973733112897,1.731998869714243,0 0 1 1 1 1,3.915889834615882e-11,6.992006973405296e-11,0.008928571428163196,0.0039285714281631955,0.016185481737943014,0.07679276637200623,0.36469737331128865,1.7319988697142419,0 0 1 1 1 1,3.9159564479973596e-11,6.992117995707758e-11,1.1102230246251565e-15
weak,0.45,0.009090909090550183,0.004177116505929823,0.018061902371726602,0.08311875328867815,0.38266855321304694,1.761764266224385,0 1 1 1 1 1,3.383293645242702e-11,6.151323894698635e-11,0.009090909090550183,0.0041771165058515775,0.01806190237167451,0.0831187532886507,0.38266855321302967,1.7617642662243702,0 1 1 1 1 1,3.3841152102809247e-11,6.152811593551633e-11,7.824556974567187e-14
weak,0.46,0.00925925925893412,0.004774561052868189,0.02014794574514508,0.08992110462518074,0.4014874349470097,1.792600729971023,0 1 1 1 1 1,3.009525961772397e-11,5.573097539013361e-11,0.00925925925893412,0.004774561052846338,0.020147945745129153,0.08992110462517079,0.4014874349470023,1.7926007299710163,0 1 1 1 1 1,3.0099034376007694e-11,5.573763672828136e-11,2.185144426514185e-14
weak,0.47,0.009433962263847677,0.005453718001765536,0.02245636131052755,0.09723711291695462,0.4212068243831326,1.824567950036951,0 1 1 1 1 1,2.7551294579097885e-11,5.1982196325184304e-11,0.009433962263847677,0.005453718001754566,0.022456361310519014,0.09723711291694875,0.4212068243831279,1.8245679500369465,0 1 1 1 1 1,2.7553515025147135e-11,5.1986637217282805e-11,1.0970391262077328e-14
weak,0.48,0.009615384615093592,0.006225481292034656,0.025010556376966496,0.10510776556400585,0.44188378425222524,1.8577301669046205,0 1 1 1 1 1,2.5939694836552007e-11,4.9883208674827983e-11,0.009615384615093592,0.006225481292027494,0.025010556376960636,0.1051077655640015,0.44188378425222163,1.857730166904617,0 1 1 1 1 1,2.5941915282601258e-11,4.9886761388506784e-11,7.161805870570248e-15
weak,0.49,0.00980392156834033,0.007102217328823851,0.02783655613522107,0.11357786782193197,0.4635800529561904,1.8921566160380299,0 1 1 1 1 1,2.5099700096120614e-11,4.9214188280188864e-11,0.00980392156834033,0.007102217328819044,0.027836556135216916,0.11357786782192868,0.4635800529561876,1.8921566160380272,0 1 1 1 1 1,2.5101032363750164e-11,4.9216852815447965e-11,4.8069187519317325e-15
weak,0.5,0.009999999999417922,0.008097975114875684,0.030963329274805128,0.12269646379022325,0.48636252269146196,1.9279220247950475,0 1 1 1 1 1,4.988653934390186e-11,9.977130233096432e-11,0.009999999999417922,0.008097975114867477,0.030963329274797967,0.12269646379021751,0.48636252269145686,1.9279220247950424,0 1 1 1 1 1,4.988920387916096e-11,9.977640935687759e-11,8.206976764846274e-15
weak,0.51,0.010204081632059138,0.009228729156257167,0.034423159638738,0.13251731229473843,0.5103037770951417,1.9651071702542056,0 1 1 1 1 1,4.9883208674827983e-11,1.0180034593076925e-10,0.010204081632059138,0.009228729156250488,0.03442315963873194,0.13251731229473332,0.5103037770951371,1.9651071702542011,0 1 1 1 1 1,4.9885429120877234e-11,1.0180478682286775e-10,6.678685382510707e-15
weak,0.52,0.010416666666044582,0.010512660054731596,0.038252070484412704,0.1430994251755417,0.5354826963692255,2.0037995060364002,0 1 1 1 1 1,5.1181281435219717e-11,1.0662581928500003e-10,0.010416666666044582,0.010512660054725932,0.038252070484407374,0.14309942517553706,0.5354826963692213,2.003799506036396,0 1 1 1 1 1,5.118350188126897e-11,1.0663026017709853e-10,5.663872149064275e-15
weak,0.53,0.01063829787198614,0.011970480293549975,0.04249031100297096,0.15450767872880602,0.5619851411316548,2.0440938695094633,0 1 1 1 1 1,2.8540281249433974e-11,6.072253810884831e-11,0.01063829787198614,0.011970480293547478,0.04249031100296846,0.15450767872880372,0.5619851411316525,2.044093869509461,0 1 1 1 1 1,2.8541613517063524e-11,6.072475855489756e-11,2.4980018054066022e-15
weak,0.54,0.010869565216993594,0.013625812170305819,0.047182914249452285,0.16681350864941727,0.58990472589172,2.08609328042653,0 1 1 1 1 1,3.135625092909322e-11,6.816458508751566e-11,0.010869565216993594,0.013625812170303456,0.04718291424944986,0.166813508649415,0.5899047258917178,2.0860932804265278,0 1 1 1 1 1,3.135758319672277e-11,6.816680553356491e-11,2.4216739724636227e-15
weak,0.55,0.011111111110653745,0.015505628226771914,0.05238033967085188,0.1800957030534281,0.6193436973507607,2.12990984637041,0 1 1 1 1 1,3.5275338206020024e-11,7.83875186982641e-11,0.011111111110653745,0.015505628226769604,0.05238033967084946,0.18009570305342576,0.6193436973507583,2.129909846370407,0 1 1 1 1 1,3.5276670473649574e-11,7.83901832335232e-11,2.6645352591003757e-15
weak,0.56,0.011363636363097816,0.017640764531078088,0.05813921359845337,0.19444130848104627,0.6504139331181362,2.175665790783536,0 1 1 1 1 1,4.0612846419207926e-11,9.230083364286656e-11,0.011363636363097816,0.01764076453107572,0.05813921359845087,0.19444130848104388,0.650413933118134,2.1756657907835333,0 1 1 1 1 1,4.0614178686837477e-11,9.230349817812566e-11,2.6645352591003757e-15
weak,0.57,0.011627906976095184,0.02006652106227368,0.06452318572019766,0.2099466686740333,0.683238081414445,2.223494624367463,0 1 1 1 1 1,4.7830184257691144e-11,1.1122924803430578e-10,0.011627906976095184,0.020066521062271088,0.06452318572019487,0.2099466686740306,0.6832380814144424,2.2234946243674614,0 1 1 1 1 1,4.7830184257691144e-11,1.1123102439114518e-10,2.789435349370706e-15
weak,0.58,0.011904761903961841,0.022823365334289396,0.07160392193173025,0.22671861852814443,0.7179508650332892,2.27354248335941,0 1 1 1 1 1,5.758993282256597e-11,1.3711654034409548e-10,0.011904761903961841,0.02282336533428647,0.07160392193172707,0.22671861852814132,0.717950865033286,2.2735424833594067,0 1 1 1 1 1,5.759126509019552e-11,1.3711964896856443e-10,3.219646771412954e-15
weak,0.59,0.012195121950624499,0.025957759232750195,0.07946225860863071,0.2448758605557979,0.7547005778778855,2.325969663266412,0 1 1 1 1 1,4.1809222750543995e-11,1.0197176436577138e-10,0.012195121950624499,0.02595775923274822,0.0794622586086285,0.24487586055579577,0.7547005778778835,2.3259696632664104,0 1 1 1 1 1,4.1810110928963695e-11,1.0197354072261078e-10,2.2065682614424986e-15
weak,0.6,0.012499999999220407,0.029523132873526245,0.08818954802348594,0.2645505561961293,0.7936508075148169,2.380952381795354,0 1 1 1 1 1,5.3442139602566385e-11,1.3360246242655194e-10,0.012499999999220407,0.02952313287352385,0.08818954802348325,0.2645505561961266,0.7936508075148141,2.3809523817953515,0 1 1 1 1 1,5.3443471870195935e-11,1.3360512696181104e-10,2.7755575615628914e-15
weak,0.61,0.012820512819876409,0.033581035868886146,0.09788923248882699,0.28589017257888677,0.8349824256043192,2.4386848131709793,0 1 1 1 1 1,4.2534864519439e-11,1.0906164860102763e-10,0.012820512819876409,0.03358103586888435,0.09788923248882496,0.2858901725788847,0.8349824256043172,2.438684813170977,0 1 1 1 1 1,4.25357526978587e-11,1.0906386904707688e-10,2.220446049250313e-15
weak,0.62,0.013899543233318878,0.0382397574552849,0.10868056174757813,0.30905972513329616,0.8788958987424171,2.4993814423441405,1 1 1 1 1 1,5.757305743259167e-11,1.5150813936770646e-10,0.013899543233287643,0.03823975745526379,0.10868056174756362,0.30905972513328445,0.8788958987424064,2.4993814423441294,1 1 1 1 1 1,5.757749832469017e-11,1.5151924159795271e-10,3.123543090843839e-14
weak,0.63,0.016285506992947618,0.04361266181110676,0.12069878560663004,0.3342441988676514,0.925613968249971,2.563279800622226,1 1 1 1 1 1,5.005018621773161e-11,1.3527046149874877e-10,0.016285506992936863,0.04361266181109833,0.12069878560662313,0.33424419886764517,0.925613968249965,2.5632798006222206,1 1 1 1 1 1,5.005240666378086e-11,1.3527579056926697e-10,1.0755285551056204e-14
weak,0.64,0.019083280975953285,0.0497528398915364,0.13409412690943903,0.36165130064933443,0.9753847731457893,2.6306436548339165,1 1 1 1 1 1,4.5770054413196704e-11,1.2713874397718428e-10,0.019083280975947078,0.049752839891531106,0.13409412690943434,0.36165130064933004,0.9753847731457848,2.6306436548339116,1 1 1 1 1 1,4.5771830770036104e-11,1.2714362895849263e-10,6.206840597045016e-15
weak,0.65,0.022366534696112376,0.056776588268011324,0.1490409077355522,0.39151522920420245,1.028485540031383,2.701766745116438,1 1 1 1 1 1,4.39825953435502e-11,1.2566392371127222e-10,0.02236653469610788,0.05677658826800728,0.14904090773554846,0.3915152292041988,1.0284855400313797,2.701766745116434,1 1 1 1 1 1,4.398392761117975e-11,1.2566747642495102e-10,4.496403249731884e-15
weak,0.66,0.026222995740945994,0.06481961304084868,0.16573890676009623,0.42410066016066755,1.0852269041485956,2.7769771790684654,1 1 1 1 1 1,4.4366288420860656e-11,1.304885088870833e-10,0.02622299574094233,0.06481961304084528,0.16573890676009295,0.42410066016066433,1.0852269041485922,2.7769771790684623,1 1 1 1 1 1,4.436695455467543e-11,1.3049161751155225e-10,3.6637359812630166e-15
weak,0.67,0.030757377973613796,0.07404068193189227,0.1844177214502467,0.45970761036016566,1.1459580271800702,2.856642624108944,1 1 1 1 1 1,4.693134769695462e-11,1.422155726515939e-10,0.03075737797361041,0.07404068193188902,0.18441772145024354,0.45970761036016244,1.1459580271800671,2.8566426241089413,1 1 1 1 1 1,4.693223587537432e-11,1.42218237186853e-10,3.3861802251067274e-15
weak,0.68,0.03609498607093858,0.08462605999827214,0.2053420085906427,0.4986772399064234,1.2110726797669373,2.9411764719210884,1 1 1 1 1 1,5.2010840079219633e-11,1.6253309809144412e-10,0.036094986070935225,0.08462605999826886,0.2053420085906395,0.4986772399064202,1.2110726797669342,2.9411764719210853,1 1 1 1 1 1,5.2011728257639334e-11,1.6253620671591307e-10,3.3514857555871913e-15
weak,0.69,0.04238617127394467,0.09679492139920187,0.22881780990190537,0.5413988069340558,1.2810165071721407,3.0310451943021985,1 1 1 1 1 1,6.033129551497041e-11,1.9461765532469144e-10,0.04238617127394114,0.09679492139919839,0.22881780990190193,0.5413988069340524,1.2810165071721373,3.031045194302195,1 1 1 1 1 1,6.033218369339011e-11,1.9462120803837024e-10,3.552713678800501e-15
weak,0.7,0.04981186416935763,0.11080598376949923,0.2552002260882062,0.5883180479610461,1.356295754920608,3.126777168271616,1 1 1 1 1 1,5.1229687159093373e-11,1.7076562386364458e-10,0.04981186416935484,0.11080598376949648,0.2552002260882035,0.5883180479610435,1.356295754920606,3.126777168271614,1 1 1 1 1 1,5.123035329290815e-11,1.7076751124278644e-10,2.789435349370706e-15
weak,0.71,0.058590477375018046,0.12696568262496902,0.28490277644176093,0.6399473320331731,1.4374878072000736,3.2289733243924514,1 1 1 1 1 1,6.585954004378891e-11,2.2710189284680382e-10,0.05859047737501469,0.12696568262496566,0.2849027764417576,0.6399473320331697,1.43748780720007,3.2289733243924483,1 1 1 1 1 1,6.586065026681354e-11,2.2710500147127277e-10,3.552713678800501e-15
weak,0.72,0.06898656290892918,0.14563829972689982,0.31840888112613736,0.6968780387028051,1.5252539933582614,3.3383200749913535,1 1 1 1 1 1,6.362976812113175e-11,2.2724844228605434e-10,0.06898656290892612,0.14563829972689676,0.31840888112613425,0.6968780387028022,1.525253993358258,3.33832007499135,1 1 1 1 1 1,6.363043425494652e-11,2.2725199499973314e-10,3.552713678800501e-15
weak,0.73,0.08132172817186985,0.16725858403219476,0.356286032147666,0.7597957409617294,1.6203552497573814,3.4556051110937536,1 1 1 1 1 1,6.59087229237798e-11,2.4410740095959227e-10,0.08132172817186682,0.16725858403219174,0.356286032147663,0.7597957409617265,1.6203552497573785,3.4556051110937505,1 1 1 1 1 1,6.590994416910689e-11,2.441105095840612e-10,3.1086244689504383e-15
weak,0.74,0.09598848391507978,0.19234758001939053,0.39920340022787304,0.8294989580659309,1.7236714090707426,3.5817368419613507,1 1 1 1 1 1,7.309641780750553e-11,2.811393340351742e-10,0.09598848391507657,0.19234758001938734,0.39920340022786993,0.8294989580659278,1.7236714090707401,3.581736841961348,1 1 1 1 1 1,7.309697291901784e-11,2.811421095927358e-10,3.2057689836051395e-15
weak,0.75,0.11346792296517395,0.22153261175111108,0.44795386444545593,0.9069224859784736,1.8362251330913182,3.7177684953944663,1 1 1 1 1 1,6.501521543356148e-11,2.60060278867158e-10,0.11346792296517125,0.22153261175110842,0.44795386444545326,0.9069224859784708,1.836225133091315,3.7177684953944636,1 1 1 1 1 1,6.501599258967872e-11,2.600629434024171e-10,3.1086244689504383e-15
weak,0.76,0.1343524462767405,0.25557269879491723,0.5034817866516396,0.9931666520590318,1.9592118454540162,3.864928237639695,1 1 1 1 1 1,6.341738245652095e-11,2.6423929710972516e-10,0.13435244627673798,0.2555726987949146,0.503481786651637,0.9931666520590289,1.959211845454013,3.8649282376396923,1 1 1 1 1 1,6.341815961263819e-11,2.6424196164498426e-10,3.1086244689504383e-15
weak,0.77,0.15937519830437394,0.2953911377393559,0.5669183192459248,1.08953431175905,2.0940374935180794,4.024657145000835,1 1 1 1 1 1,6.772182814529515e-11,2.944418042716279e-10,0.15937519830437136,0.29539113773935327,0.5669183192459222,1.0895343117590475,2.0940374935180768,4.024657145000832,1 1 1 1 1 1,6.7722272234505e-11,2.94444468806887e-10,2.6645352591003757e-15
weak,0.78,0.18944850400837354,0.3421176283435164,0.6396266911504614,1.1975780668435902,2.242366632481956,4.1986575235719865,1 1 1 1 1 1,6.165201682506449e-11,2.802353904485244e-10,0.1894485040083712,0.342117628343514,0.639626691150459,1.1975780668435883,2.2423666324819536,4.198657523571985,1 1 1 1 1 1,6.165290500348419e-11,2.802377219168761e-10,2.4424906541753444e-15
weak,0.79,0.22571451003060755,0.39714325205322243,0.7232608589389204,1.319161133484974,2.4061842761223673,4.3889550254268865,1 1 1 1 1 1,6.282574460669821e-11,2.9916860655454514e-10,0.2257145100306053,0.3971432520532203,0.7232608589389183,1.319161133484972,2.406184276122364,4.388955025426884,1 1 1 1 1 1,6.282618869590806e-11,2.9917085475617e-10,3.1086244689504383e-15
weak,0.8,0.2696125609216403,0.4621929618353745,0.8198422778180238,1.4565366645124105,2.5878763375187503,4.597979389288469,1 1 1 1 1 1,7.151790271109348e-11,3.57587737198628e-10,0.26961256092163793,0.4621929618353722,0.8198422778180217,1.4565366645124085,2.5878763375187486,4.597979389288467,1 1 1 1 1 1,7.151812475569841e-11,3.575897911112236e-10,2.3869795029440866e-15
weak,0.81,0.3229698087834556,0.5394222382098284,0.9318615635190192,1.6124523565248603,2.790335513244367,4.828670664697946,1 1 1 1 1 1,7.352074504751727e-11,3.8694786264059644e-10,0.3229698087834532,0.5394222382098259,0.9318615635190166,1.6124523565248579,2.7903355132443646,4.828670664697944,1 1 1 1 1 1,7.352074504751727e-11,3.869502496200994e-10,2.6645352591003757e-15
weak,0.82,0.38812452486000065,0.6315475720567835,1.0624148472343642,1.790290216067615,3.017102512531067,5.084620827796818,1 1 1 1 1 1,7.067679774763747e-11,3.926481362270806e-10,0.3881245248599985,0.6315475720567815,1.062414847234362,1.790290216067613,3.0171025125310647,5.084620827796816,1 1 1 1 1 1,7.067768592605717e-11,3.9265035667312986e-10,2.220446049250313e-15
weak,0.83,0.46809614541309896,0.7420250431736125,1.2153892658096803,1.9942560145402999,3.2725571939667177,5.370265359198183,1 1 1 1 1 1,7.920242239833897e-11,4.659002073026386e-10,0.46809614541309635,0.7420250431736097,1.215389265809678,1.994256014540298,3.2725571939667155,5.370265359198182,1 1 1 1 1 1,7.920331057675867e-11,4.659010954810583e-10,2.7755575615628914e-15
weak,0.84,0.5668232449066553,0.8752984804776632,1.3957192860668473,2.229640237353421,3.5621814550520448,5.691146638808783,1 1 1 1 1 1,7.281197866859657e-11,4.550728682772842e-10,0.5668232449066531,0.8752984804776611,1.395719286066845,2.229640237353419,3.5621814550520416,5.69114663880878,1 1 1 1 1 1,7.281197866859657e-11,4.5507508872333347e-10,3.1086244689504383e-15
weak,0.85,0.6895021269799753,1.0371502585039445,1.6097471810140118,2.5031839757708667,3.8929273714823993,6.054282666008399,1 1 1 1 1 1,8.138467677554218e-11,5.425668803127337e-10,0.6895021269799726,1.037150258503942,1.6097471810140094,2.503183975770865,3.8929273714823975,6.054282666008398,1 1 1 1 1 1,8.138512086475203e-11,5.425682125803633e-10,2.6645352591003757e-15
weak,0.86,0.8430776762903335,1.2352068283241435,1.8657400827572468,2.8236023472362106,4.273743231180381,6.468693764258065,1 1 1 1 1 1,8.1530338036373e-11,5.823586057829289e-10,0.8430776762903309,1.2352068283241409,1.865740082757244,2.8236023472362075,4.273743231180378,6.468693764258063,1 1 1 1 1 1,8.15312262147927e-11,5.823617144073978e-10,3.552713678800501e-15
weak,0.87,1.0369702597082848,1.4796833429276115,2.1746483799681315,3.2023504114470405,4.716342503189753,6.946172327438305,1 1 1 1 1 1,7.820855074669453e-11,6.01604099870201e-10,1.0369702597082822,1.4796833429276093,2.1746483799681293,3.2023504114470387,4.71634250318975,6.946172327438302,1 1 1 1 1 1,7.820855074669453e-11,6.016067644054601e-10,2.6645352591003757e-15
weak,0.88,1.284178849179566,1.7845082712205775,2.551246866036673,3.654773236761974,5.236357486146499,7.502437373800989,1 1 1 1 1 1,8.708367360554803e-11,7.256977241354434e-10,1.2841788491795632,1.784508271220574,2.55124686603667,3.65477323676197,5.236357486146495,7.502437373800985,1 1 1 1 1 1,8.708411769475788e-11,7.257012768491222e-10,3.9968028886505635e-15
weak,0.89,1.6030032150841083,2.1690717664194605,3.0159030502790882,4.201884840790046,5.855122472399527,8.158918769838628,1 1 1 1 1 1,8.171063825557212e-11,7.428218040672618e-10,1.603003215084106,2.169071766419458,3.0159030502790856,4.201884840790044,5.855122472399527,8.158918769838628,1 1 1 1 1 1,8.171152643399182e-11,7.428240245133111e-10,2.6645352591003757e-15
weak,0.9,2.019823376927605,2.6610371476401435,3.59741281280766,4.873216578823513,6.602527142108447,8.94561187112545,1 1 1 1 1 1,8.169021015191902e-11,8.16896772448672e-10,2.0198233769276017,2.6610371476401404,3.5974128128076583,4.873216578823511,6.602527142108445,8.945611871125447,1 1 1 1 1 1,8.168976606270917e-11,8.169003251623508e-10,3.552713678800501e-15
weak,0.91,2.573765555691757,3.3010462467410053,4.337735206666778,5.711567283161471,7.521772667940018,9.905835101877075,1 1 1 1 1 1,8.692779829289066e-11,9.658571720194686e-10,2.5737655556917547,3.3010462467410013,4.337735206666772,5.7115672831614654,7.521772667940015,9.905835101877074,1 1 1 1 1 1,8.692868647131036e-11,9.658602806439376e-10,6.217248937900877e-15
weak,0.92,3.3249154307750963,4.150981376578832,5.300290518566639,6.781319903981439,8.677695506883277,11.104555501824091,1 1 1 1 1 1,8.679545970835534e-11,1.0849463549789107e-09,3.3249154307750945,4.150981376578831,5.300290518566637,6.781319903981437,8.677695506883275,11.104555501824088,1 1 1 1 1 1,8.679634788677504e-11,1.08494813133575e-09,3.552713678800501e-15
weak,0.93,4.369641121543252,5.309348889885974,6.585388317251512,8.183892205631334,10.172226722655553,12.64385015035154,1 1 1 1 1 1,8.752909508302764e-11,1.2504104418553652e-09,4.369641121543249,5.309348889885972,6.585388317251512,8.183892205631334,10.172226722655553,12.64385015035154,1 1 1 1 1 1,8.752909508302764e-11,1.250411330033785e-09,2.6645352591003757e-15
weak,0.94,5.871343806745538,6.942105595489214,8.36110906020728,10.088646162171182,12.175311857048115,14.69382857186283,1 1 1 1 1 1,9.193712457999936e-11,1.5322871860234955e-09,5.8713438067455375,6.942105595489213,8.361109060207276,10.088646162171178,12.175311857048115,14.69382857186283,1 1 1 1 1 1,9.193712457999936e-11,1.5322889623803349e-09,3.552713678800501e-15
weak,0.95,8.12827171762102,9.35056821679566,10.931282486404971,12.800900688574021,14.99293647541988,17.560661358850528,1 1 1 1 1 1,9.451817106764793e-11,1.8903456577845645e-09,8.12827171762102,9.35056821679566,10.931282486404971,12.800900688574021,14.99293647541988,17.560661358850528,1 1 1 1 1 1,9.451817106764793e-11,1.8903456577845645e-09,0.0
weak,0.96,11.743320492467054,13.1413348370858,14.905495795771364,16.93198257535761,19.237192898356604,21.856650670771586,1 1 1 1 1 1,9.321965421804634e-11,2.3304025376091886e-09,11.743320492467054,13.1413348370858,14.905495795771364,16.93198257535761,19.237192898356604,21.856650670771586,1 1 1 1 1 1,9.321965421804634e-11,2.3304025376091886e-09,0.0
weak,0.97,18.13390014195451,19.73630663490099,21.709225380266616,23.90941189176861,26.336485242748292,29.01043992581651,1 1 1 1 1 1,9.669776090959203e-11,3.2231959323780757e-09,18.13390014195451,19.73630663490099,21.709225380266616,23.90941189176861,26.336485242748292,29.01043992581651,1 1 1 1 1 1,9.669776090959203e-11,3.2231959323780757e-09,0.0
weak,0.98,31.572331768299314,33.413284058276695,35.62457368938655,38.017706825854106,40.57635889670032,43.30784907017474,1 1 1 1 1 1,9.626432984077837e-11,4.812761744688032e-09,31.572331768299314,33.413284058276695,35.62457368938655,38.017706825854106,40.57635889670032,43.30784907017474,1 1 1 1 1 1,9.626432984077837e-11,4.812761744688032e-09,0.0
weak,0.99,73.47111889986095,75.59149751197447,78.0759815423297,80.68418291325207,83.38533095680732,86.17771230694524,1 1 1 1 1 1,9.872280770650832e-11,9.872238138086686e-09,73.47111889986095,75.59149751197447,78.0759815423297,80.68418291325207,83.38533095680732,86.17771230694524,1 1 1 1 1 1,9.872280770650832e-11,9.872238138086686e-09,0.0
medium,0.0,0.005,0.0,0.0,0.0,0.0,1.0,0 0 0 0 0 1,0.0,0.0,0.005,0.0,0.0,0.0,0.0,1.0,0 0 0 0 0 1,0.0,0.0,0.0
medium,0.01,0.0050505050505,5.05050505e-05,5.050505000000001e-07,6.390095557999999e-06,0.0025392220777935314,1.0090842979024854,0 0 0 1 1 1,7.147615832536758e-13,7.216449660063518e-13,0.0050505050505,5.05050505e-05,5.050505000000001e-07,6.390095557999999e-06,0.0025392220777935314,1.0090842979024854,0 0 0 1 1 1,7.147615832536758e-13,7.216449660063518e-13,0.0
medium,0.02,0.00510204081632,0.00010204081631999999,2.04081632e-06,2.6137970575093e-05,0.005158819152482491,1.0183404456592764,0 0 0 1 1 1,8.955058916626513e-13,9.134915046615788e-13,0.00510204081632,0.00010204081631999999,2.04081632e-06,2.6137970575093e-05,0.005158819152482491,1.0183404456592764,0 0 0 1 1 1,8.955058916626513e-13,9.134915046615788e-13,0.0
medium,0.03,0.00515463917525435,0.00015463917525435,4.63917525435e-06,6.0150244305792114e-05,0.007861786300882644,1.027773469022047,0 0 0 1 1 1,4.509725926027386e-13,4.647393581080905e-13,0.00515463917525435,0.00015463917525435,4.63917525435e-06,6.0150244305792114e-05,0.007861786300882644,1.027773469022047,0 0 0 1 1 1,4.509725926027386e-13,4.647393581080905e-13,0.0
medium,0.04,0.005208333333331968,0.00020833333333196798,8.333333331968e-06,0.00010939003580854105,0.010651256164503601,1.037388594423735,0 0 0 1 1 1,1.7741363933510002e-13,1.8474111129762605e-13,0.005208333333331968,0.00020833333333196798,8.333333331968e-06,0.00010939003580854105,0.010651256164503601,1.037388594423735,0 0 0 1 1 1,1.7741363933510002e-13,1.8474111129762605e-13,0.0
medium,0.05,0.005263157894726563,0.0002631578947265625,1.31578947265625e-05,0.00017488074554317785,0.013530506607259586,1.0471912591955124,0 0 0 1 1 1,1.3220535777236364e-12,1.390665360645471e-12,0.005263157894726563,0.0002631578947265625,1.31578947265625e-05,0.00017488074554317785,0.013530506607259586,1.0471912591955124,0 0 0 1 1 1,1.3220535777236364e-12,1.390665360645471e-12,0.0
medium,0.06,0.0053191489361669965,0.00031914893616699646,1.9148936166996477e-05,0.00025771012135716317,0.01650296888317194,1.0571871224237792,0 0 0 1 1 1,4.0389913635863195e-13,4.2943426592501055e-13,0.0053191489361669965,0.00031914893616699646,1.9148936166996477e-05,0.00025771012135716317,0.01650296888317194,1.0571871224237792,0 0 0 1 1 1,4.0389913635863195e-13,4.2943426592501055e-13,0.0
medium,0.07,0.005376344086006318,0.0003763440860063186,2.6344086006318543e-05,0.000359034618427596,0.01957223633199476,1.0673820764700501,0 0 0 1 1 1,1.886935052652916e-12,2.027267242965536e-12,0.005376344086006318,0.0003763440860063186,2.6344086006318543e-05,0.000359034618427596,0.01957223633199476,1.0673820764700501,0 0 0 1 1 1,1.886935052652916e-12,2.027267242965536e-12,0.0
medium,0.08,0.005434782608637297,0.00043478260863729663,3.478260863729664e-05,0.0004800841036503927,0.02274207368297479,1.0777822592481587,0 0 0 1 1 1,7.172484828288361e-12,7.788436562350398e-12,0.005434782608637297,0.00043478260863729663,3.478260863729664e-05,0.0004800841036503927,0.02274207368297479,1.0777822592481587,0 0 0 1 1 1,7.172484828288361e-12,7.788436562350398e-12,0.0
medium,0.09,0.005494505494488253,0.0004945054944882521,4.4505494488252166e-05,0.0006221669203735974,0.02601642699361652,1.088394067291481,0 0 0 1 1 1,2.071676163950542e-12,2.2741808436421707e-12,0.005494505494488253,0.0004945054944882521,4.4505494488252166e-05,0.0006221669203735974,0.02601642699361652,1.088394067291481,0 0 0 1 1 1,2.071676163950542e-12,2.2741808436421707e-12,0.0
medium,0.1,0.0055555555555,0.0005555555555000001,5.5555555499999995e-05,0.0007866753013497263,0.029399434210801254,1.0992241695994576,0 0 0 1 1 1,6.601608149026106e-12,7.326583784106333e-12,0.0055555555555,0.0005555555555000001,5.5555555499999995e-05,0.0007866753013497263,0.029399434210801254,1.0992241695994576,0 0 0 1 1 1,6.601608149026106e-12,7.326583784106333e-12,0.0
medium,0.11,0.005617977528072256,0.0006179775280722561,6.797752807225602e-05,0.000975091284526833,0.032895436587918846,1.1102795225309847,0 0 0 1 1 1,2.049915792667889e-12,2.3006041516282494e-12,0.005617977528072256,0.0006179775280722561,6.797752807225602e-05,0.000975091284526833,0.032895436587918846,1.1102795225309847,0 0 0 1 1 1,2.049915792667889e-12,2.3006041516282494e-12,0.0
medium,0.12,0.005681818181767522,0.0006818181817675221,8.181818176752214e-05,0.0011889929904121772,0.03650899075510969,1.1215673855193249,0 0 0 1 1 1,5.823563853368796e-12,6.608935620988632e-12,0.005681818181767522,0.0006818181817675221,8.181818176752214e-05,0.0011889929904121772,0.03650899075510969,1.1215673855193249,0 0 0 1 1 1,5.823563853368796e-12,6.608935620988632e-12,0.0
medium,0.13,0.005747126436764203,0.0007471264367642027,9.71264367642026e-05,0.0014300614972620875,0.040244881794600035,1.1330953380083475,0 0 0 1 1 1,1.958877504648626e-12,2.248645714075792e-12,0.005747126436764203,0.0007471264367642027,9.71264367642026e-05,0.0014300614972620875,0.040244881794600035,1.1330953380083475,0 0 0 1 1 1,1.958877504648626e-12,2.248645714075792e-12,0.0
medium,0.14,0.005813953488325947,0.0008139534883259469,0.00011395348832594684,0.0017000881678618021,0.044108137115689644,1.1448712973849957,0 0 0 1 1 1,5.133449221261799e-12,5.96012128539769e-12,0.005813953488325947,0.0008139534883259469,0.00011395348832594684,0.0017000881678618021,0.044108137115689644,1.1448712973849957,0 0 0 1 1 1,5.133449221261799e-12,5.96012128539769e-12,0.0
medium,0.15,0.005882352941061988,0.0008823529410619885,0.0001323529410619885,0.00200098264887606,0.04810404145559148,1.1569035382765858,0 0 0 1 1 1,1.2587264563990175e-11,1.4784617974328285e-11,0.005882352941061988,0.0008823529410619885,0.0001323529410619885,0.00200098264887606,0.04810404145559148,1.1569035382765858,0 0 0 1 1 1,1.2587264563990175e-11,1.4784617974328285e-11,0.0
medium,0.16,0.005952380952338061,0.000952380952338061,0.00015238095233806095,0.0023347814837163766,0.052238152929533675,1.1692007131334754,0 0 0 1 1 1,4.617639604020951e-12,5.488054455327074e-12,0.005952380952338061,0.000952380952338061,0.00015238095233806095,0.0023347814837163766,0.052238152929533675,1.1692007131334754,0 0 0 1 1 1,4.617639604020951e-12,5.488054455327074e-12,0.0
medium,0.17,0.006024096385440736,0.0010240963854407363,0.0001740963854407363,0.0027036573806007392,0.05651632020053542,1.181771874182549,0 0 0 1 1 1,1.0790257576331896e-11,1.2977396934843455e-11,0.006024096385440736,0.0010240963854407363,0.0001740963854407363,0.0027036573806007392,0.05651632020053542,1.181771874182549,0 0 0 1 1 1,1.0790257576331896e-11,1.2977396934843455e-11,0.0
medium,0.18,0.006097560975568618,0.001097560975568618,0.00019756097556861805,0.0031099293834046023,0.060944701129055055,1.1946264971551757,0 0 0 1 1 1,4.285904964262954e-12,5.217160037318536e-12,0.006097560975568618,0.001097560975568618,0.00019756097556861805,0.0031099293834046023,0.060944701129055055,1.1946264971551757,0 0 0 1 1 1,4.285904964262954e-12,5.217160037318536e-12,0.0
medium,0.19,0.006172839506079129,0.0011728395060791289,0.00022283950607912884,0.00355607372250047,0.06552978260010345,1.2077745064653294,0 0 0 1 1 1,9.64384128110396e-12,1.18831611217729e-11,0.006172839506079129,0.0011728395060791289,0.00022283950607912884,0.00355607372250047,0.06552978260010345,1.2077745064653294,0 0 0 1 1 1,9.64384128110396e-12,1.18831611217729e-11,0.0
medium,0.2,0.00624999999995904,0.0012499999999590402,0.00026120653260556544,0.004044993712301477,0.07027840804806648,1.2212263026302366,0 0 1 1 1 1,4.1673331452329876e-12,5.2022830487885585e-12,0.00624999999995904,0.0012499999999590402,0.00026120653256916807,0.004044993712268625,0.07027840804804707,1.2212263026302244,0 0 1 1 1 1,4.176881063244764e-12,5.214495502059435e-12,3.63973716617505e-14
medium,0.21,0.006329113923960091,0.0013291139239600906,0.0003107537210239642,0.004579513345489764,0.07519778958163598,1.2349927910876801,0 0 1 1 1 1,9.105827203370609e-12,1.1510348230103773e-11,0.006329113923960091,0.0013291139239600906,0.00031075372098203946,0.004579513345451163,0.07519778958161226,1.2349927910876646,0 0 1 1 1 1,9.11781761203656e-12,1.1525891352448525e-11,4.192474275729885e-14
medium,0.22,0.006410256410063374,0.0014102564100633742,0.00036752404373407543,0.005162590452066867,0.0802955364351924,1.2490854136937686,0 0 1 1 1 1,1.9171775278437053e-11,2.4542812226968636e-11,0.006410256410063374,0.0014102564100633742,0.00036752404365991714,0.005162590451998385,0.08029553643515012,1.2490854136937406,0 0 1 1 1 1,1.919331360511478e-11,2.457078984718919e-11,7.415829018572739e-14
medium,0.23,0.006493506493414903,0.0014935064934149028,0.0004323421916095547,0.005797502427929327,0.08557968611954454,1.2635161825621897,0 0 1 1 1 1,8.933076500738935e-12,1.1585177261963508e-11,0.006493506493414903,0.0014935064934149028,0.00043234219158287375,0.005797502427903766,0.08557968611952761,1.2635161825621775,0 0 1 1 1 1,8.942402374145786e-12,1.1597389715234385e-11,2.6680968632369906e-14
medium,0.24,0.006578947368229738,0.0015789473682297382,0.0005061142291282369,0.006487761380692343,0.09105873131527648,1.278297716241259,0 0 1 1 1 1,1.8419488156951047e-11,2.4199753312359462e-11,0.006578947368229738,0.0015789473682297382,0.0005061142290802041,0.006487761380646258,0.09105873131524585,1.278297716241237,0 0 1 1 1 1,1.8436141502320424e-11,2.422173572824704e-11,4.803275832632181e-14
medium,0.25,0.0066666666665696536,0.0016666666665696539,0.0005898358101443113,0.007237133273283797,0.09674165165993392,1.2934432790739676,0 0 1 1 1 1,9.173328763267818e-12,1.2213119404691497e-11,0.0066666666665696536,0.0016666666665696539,0.0005898358101256115,0.007237133273265212,0.09674165165992074,1.2934432790739576,0 0 1 1 1 1,9.18087827983527e-12,1.2223111411913123e-11,1.8699776969943738e-14
medium,0.26,0.006756756756557571,0.0017567567565575709,0.0006846010444100105,0.008049658505706868,0.10263794779287799,1.3089668232689673,0 0 1 1 1 1,1.8585799566039896e-11,2.507705154641826e-11,0.006756756756557571,0.0017567567565575709,0.000684601044376882,0.008049658505673886,0.10263794779285453,1.3089668232689493,0 0 1 1 1 1,1.8599122242335397e-11,2.5095037159417188e-11,3.312844790159808e-14
medium,0.27,0.006849315068385614,0.0018493150683856136,0.0007916125499580275,0.008929674760633373,0.10875767866034221,1.3248830347608642,0 0 1 1 1 1,9.855005700387665e-12,1.34798838757888e-11,0.006849315068385614,0.0018493150683856136,0.0007916125499441552,0.008929674760619085,0.10875767866033145,1.3248830347608556,0 0 1 1 1 1,9.861222949325565e-12,1.3488543615380877e-11,1.4287182548144983e-14
medium,0.28,0.006944444444226854,0.0019444444442268541,0.0009121923588247309,0.009881841665083527,0.11511150160739797,1.3412073823868156,0 0 1 1 1 1,1.9669155193469123e-11,2.727484904596622e-11,0.006944444444226854,0.0019444444442268541,0.0009121923588005362,0.009881841665058557,0.1151115016073791,1.3412073823868003,0 0 1 1 1 1,1.968003537911045e-11,2.7290170123706048e-11,2.496960971321016e-14
medium,0.29,0.0070422535210021165,0.0020422535210021164,0.0010477942536056136,0.010911168155164564,0.12171071633021897,1.3579561715324915,0 0 1 1 1 1,1.1065148797229085e-11,1.5560441823936344e-11,0.0070422535210021165,0.0020422535210021164,0.0010477942535947777,0.010911168155153009,0.12171071633020977,1.3579561715324837,0 0 1 1 1 1,1.1070477867747286e-11,1.556821338510872e-11,1.1554993073481512e-14
medium,0.3,0.007142857142608087,0.0021428571426080865,0.001200017219239393,0.01202304213506635,0.12856731227507834,1.3751466018444556,0 0 1 1 1 1,2.1799895222329724e-11,3.109179580462751e-11,0.007142857142608087,0.0021428571426080865,0.0012000172192207957,0.012023042135046472,0.1285673122750624,1.3751466018444423,0 0 1 1 1 1,2.180899905113165e-11,3.110511848092301e-11,1.9878196311218232e-14
medium,0.31,0.007246376811443293,0.0022463768114432936,0.0013706206479658296,0.01322326340687526,0.13569402066294142,1.3927968302740374,0 0 1 1 1 1,1.2970291507485854e-11,1.8767210008263646e-11,0.007246376811443293,0.0022463768114432936,0.0013706206479569731,0.013223263406865493,0.13569402066293323,1.3927968302740303,0 0 1 1 1 1,1.2975176488794204e-11,1.8774315435621247e-11,9.766493169749424e-15
medium,0.32,0.007352941176172318,0.0023529411761723175,0.0015615409863486307,0.014518079483988889,0.14310437076661783,1.4109260391000942,0 0 1 1 1 1,2.5264679237579912e-11,3.7090996940492005e-11,0.007352941176172318,0.0023529411761723175,0.00156154098633247,0.014518079483971047,0.14310437076660285,1.4109260391000813,0 0 1 1 1 1,2.5273561021776914e-11,3.7103875527577657e-11,1.784163095042146e-14
medium,0.33,0.007462686566973545,0.002462686566973545,0.0017749105578294866,0.01591422540706967,0.15081275178741724,1.4295545103743004,0 0 1 1 1 1,1.585154230099306e-11,2.3619106670480505e-11,0.007462686566973545,0.002462686566973545,0.0017749105578203478,0.01591422540705931,0.1508127517874082,1.4295545103742922,0 0 1 1 1 1,1.5857093416116186e-11,2.362732232086273e-11,1.0359768598533492e-14
medium,0.34,0.007575757575384359,0.0025757575753843588,0.0020130782403106977,0.01741896717869202,0.15883447997990854,1.4487037064679336,0 0 1 1 1 1,3.057110120607831e-11,4.623812444037867e-11,0.007575757575384359,0.0025757575753843588,0.0020130782402935925,0.01741896717867263,0.15883447997989159,1.4487037064679185,0 0 1 1 1 1,3.058087116869501e-11,4.625322347351357e-11,1.939073901446875e-14
medium,0.35,0.0076923076920567225,0.0026923076920567224,0.0022786328732538534,0.019040150145330264,0.16718587261853485,1.4683963584255084,0 0 1 1 1 1,2.0175416892698195e-11,3.098410417123887e-11,0.0076923076920567225,0.0026923076920567224,0.0022786328732435812,0.01904015014531833,0.16718587261852405,1.4683963584254984,0 0 1 1 1 1,2.018185618624102e-11,3.0994096178460495e-11,1.1934897514720433e-14
medium,0.36,0.007812499999824592,0.0028124999998245916,0.0025744290699015134,0.020786251956478926,0.17588432849047386,1.4886565618518035,0 0 1 1 1 1,1.3837819778927951e-11,2.1583401732527818e-11,0.007812499999824592,0.0028124999998245916,0.00257442906989505,0.020786251956471245,0.17588432849046667,1.4886565618517968,0 0 1 1 1 1,1.3842260671026452e-11,2.159006307067557e-11,7.681355551625302e-15
medium,0.37,0.007936507936164006,0.0029365079361640062,0.0029036163471573466,0.022666441497258244,0.18494841659975403,1.509509882140153,0 0 1 1 1 1,2.6708857348012316e-11,4.2316372628192767e-11,0.007936507936164006,0.0029365079361640062,0.002903616347145209,0.02266644149724382,0.18494841659974062,1.5095098821401405,0 0 1 1 1 1,2.6716850953789617e-11,4.232880712606857e-11,1.4422490979271174e-14
medium,0.38,0.008064516128780393,0.003064516128780393,0.0032696716980962727,0.024690644080790386,0.19439797352630173,1.5309834695665843,0 0 1 1 1 1,1.9186874311571955e-11,3.0889069080330955e-11,0.008064516128780393,0.003064516128780393,0.003269671698088206,0.02469064408078061,0.1943979735262924,1.5309834695665754,0 0 1 1 1 1,1.9192647471300006e-11,3.0897950864527957e-11,9.776901510605285e-15
medium,0.39,0.008196721310985344,0.0031967213109853434,0.003676435932036058,0.026869613486381127,0.2042542102378215,1.5531061851502979,0 0 1 1 1 1,3.673195081432823e-11,6.009837072440405e-11,0.008196721310985344,0.0031967213109853434,0.0036764359320210125,0.026869613486362878,0.2042542102378041,1.5531061851502814,0 0 1 1 1 1,3.674172077694493e-11,6.01148020251685e-11,1.824929096727601e-14
medium,0.4,0.008333333332958034,0.0033333333329580335,0.004128154809230336,0.029215012427085213,0.2145398302773753,1.575908739349238,0 0 1 1 1 1,2.758282491299724e-11,4.5880410581844444e-11,0.008333333332958034,0.0033333333329580335,0.004128154809219802,0.029215012427072196,0.21453983027736265,1.575908739349226,0 0 1 1 1 1,2.758993034035484e-11,4.5892400990510396e-11,1.301736496372996e-14
medium,0.41,0.00847457627088908,0.0034745762708890803,0.004629524906017828,0.031739501510938746,0.22527915956940173,1.5994238439317274,0 0 1 1 1 1,2.142552801842612e-11,3.6241010192838985e-11,0.00847457627088908,0.0034745762708890803,0.004629524906010149,0.031739501510929094,0.22527915956939212,1.599423843931718,0 0 1 1 1 1,2.1430857088944322e-11,3.6250336066245836e-11,9.652001420334955e-15
medium,0.42,0.00862068965459262,0.0036206896545926204,0.005185745538825211,0.034456838732799755,0.23649829030503944,1.6236863796651828,0 0 1 1 1 1,4.1067815814699316e-11,7.065814600082376e-11,0.00862068965459262,0.0036206896545926204,0.005185745538810845,0.03445683873278171,0.23649829030502148,1.6236863796651653,0 0 1 1 1 1,4.107802986652587e-11,7.067568752461284e-11,1.80480630440627e-14
medium,0.43,0.00877192982408254,0.0037719298240825394,0.005802577284984894,0.03738199043977957,0.2482252401649329,1.6487335812297812,0 0 1 1 1 1,3.323630259899346e-11,5.8184124185345354e-11,0.00877192982408254,0.0037719298240825394,0.005802577284973915,0.03738199043976558,0.24822524016491876,1.6487335812297674,0 0 1 1 1 1,3.324407416016584e-11,5.8197890950850706e-11,1.4127587988355117e-14
medium,0.44,0.008928571428163196,0.0039285714281631955,0.0064864078039553,0.04053125496975833,0.2604901284490556,1.6746052410993402,0 0 1 1 1 1,2.7756907883258464e-11,4.94575491671867e-11,0.008928571428163196,0.0039285714281631955,0.006486407803946596,0.04053125496974711,0.2604901284490441,1.6746052410993286,0 0 1 1 1 1,2.7763569221406215e-11,4.94690954866428e-11,1.1546319456101628e-14
medium,0.45,0.009090909090550183,0.004090909090550183,0.007244326586516794,0.04392240147538163,0.2733253721639595,1.7013439356697115,0 0 1 1 1 1,2.389999309571067e-11,4.335620751305669e-11,0.009090909090550183,0.004090909090550183,0.007244326586509646,0.04392240147537231,0.2733253721639498,1.7013439356697022,0 0 1 1 1 1,2.390487807701902e-11,4.336553338646354e-11,9.71445146547012e-15
medium,0.46,0.00925925925893412,0.00425925925893412,0.008084209454028423,0.04757482534589839,0.2867659039238509,1.7289952756984621,0 0 1 1 1 1,2.1198376387587814e-11,3.916511559509672e-11,0.00925925925893412,0.00425925925893412,0.008084209454022351,0.047574825345890394,0.28676590392384255,1.728995275698454,0 0 1 1 1 1,2.1202817279686315e-11,3.917333124547895e-11,8.326672684688674e-15
medium,0.47,0.009433962263505694,0.0044339622635056935,0.009014814441503611,0.05150972280314865,0.3008494148456953,1.7576081844999263,0 0 1 1 1 1,4.129008246422927e-11,7.771827625902006e-11,0.009433962263505694,0.0044339622635056935,0.009014814441492039,0.05150972280313343,0.3008494148456794,1.7576081844999103,0 0 1 1 1 1,4.129852015921642e-11,7.773426347057466e-11,1.5987211554602254e-14
medium,0.48,0.009615384614778316,0.004615384614778317,0.010045890910662323,0.05575028757575297,0.31561662601535195,1.7872352077654503,0 0 1 1 1 1,3.796096770258828e-11,7.282019431897879e-11,0.009615384614778316,0.004615384614778317,0.01004589091065209,0.05575028757573937,0.3156166260153376,1.7872352077654359,0 0 1 1 1 1,3.7968739263760654e-11,7.283462721829892e-11,1.4432899320127035e-14
medium,0.49,0.009803921568041489,0.004803921568041488,0.011188303501698558,0.060321932264107744,0.33111159182072447,1.8179328586106096,0 0 1 1 1 1,3.588462860193431e-11,7.01820823678645e-11,0.009803921568041489,0.004803921568041488,0.011188303501689227,0.060321932264095254,0.33111159182071115,1.8179328586105963,0 0 1 1 1 1,3.589173402929191e-11,7.019540504416e-11,1.3322676295501878e-14
medium,0.5,0.009999999999417922,0.004999999999417923,0.01245417382933018,0.06525253885582458,0.3473820405356758,1.849762003621691,0 0 1 1 1 1,3.485367550126739e-11,6.952260989123715e-11,0.009999999999417922,0.004999999999417923,0.012454173829321416,0.06525253885581278,0.3473820405356632,1.8497620036216782,0 0 1 1 1 1,3.4860114794810215e-11,6.95354884783228e-11,1.2878587085651816e-14
medium,0.51,0.010204081632059138,0.005204081632059139,0.013857042278763401,0.07057274213514259,0.36447975679846073,1.8827882949389327,0 0 1 1 1 1,3.4759084499569326e-11,7.074207886148542e-11,0.010204081632059138,0.005204081632059139,0.013857042278754925,0.07057274213513111,0.36447975679844835,1.8827882949389205,0 0 1 1 1 1,3.476485765929738e-11,7.07542913147563e-11,1.2378986724570495e-14
medium,0.52,0.010416666666044582,0.005416666666044582,0.015412053341642343,0.07631625129368785,0.3824610124158763,1.9170826552820603,0 0 1 1 1 1,3.5569325262940765e-11,7.389222567155684e-11,0.010416666666044582,0.005416666666044582,0.015412053341633918,0.0763162512936764,0.382461012415864,1.917082655282048,0 0 1 1 1 1,3.5575542511878666e-11,7.390466016943265e-11,1.2434497875801753e-14
medium,0.53,0.01063829787167196,0.00563829787167196,0.0171361683275583,0.08252021566262113,0.4013870526676221,1.9527218236215247,0 0 1 1 1 1,3.732658626631746e-11,7.918443678534004e-11,0.01063829787167196,0.00563829787167196,0.017136168327549692,0.08252021566260939,0.40138705266760927,1.9527218236215118,0 0 1 1 1 1,3.7332803515255364e-11,7.919731537242569e-11,1.2878587085651816e-14
medium,0.54,0.010869565216654801,0.005869565216654801,0.01904841003313545,0.08922564159553603,0.4213246465865723,1.989788970574961,0 0 1 1 1 1,4.0144998436630885e-11,8.700506981540457e-11,0.010869565216654801,0.005869565216654801,0.019048410033126423,0.08922564159552368,0.4213246465865588,1.9897889705749472,0 0 1 1 1 1,4.015143773017371e-11,8.701883658090992e-11,1.3766765505351941e-14
medium,0.55,0.011111111110279535,0.006111111110279535,0.021170144817644777,0.09647786881802349,0.4423467111978185,2.028374394201295,0 0 1 1 1 1,4.4225956230548036e-11,9.796874422818291e-11,0.011111111110279535,0.006111111110279535,0.021170144817635066,0.09647786881801018,0.44234671119780394,2.0283743942012804,0 0 1 1 1 1,4.4232617568695787e-11,9.798339917210797e-11,1.4654943925052066e-14
medium,0.56,0.011363636362674668,0.006363636362674667,0.023525408585668227,0.10432711611428903,0.4645330215141982,2.068576308780073,0 0 1 1 1 1,4.987921187193933e-11,1.1298828539452188e-10,0.011363636362674668,0.006363636362674667,0.02352540858565752,0.10432711611427434,0.4645330215141821,2.068576308780056,0 0 1 1 1 1,4.9886317299296934e-11,1.1300516078449618e-10,1.687538997430238e-14
medium,0.57,0.011627906976095184,0.006977816016178071,0.02617364564904298,0.11283210141562515,0.48797129874382433,2.1105017741168663,0 1 1 1 1 1,3.348388233348487e-11,7.775602384185731e-11,0.011627906976095184,0.0069778160159019,0.026173645648695072,0.1128321014152842,0.48797129874350376,2.1105017741165564,0 1 1 1 1 1,3.361666500723004e-11,7.806599811033266e-11,3.479092014480045e-13
medium,0.58,0.011904761903961841,0.007891012883037882,0.029142240416528572,0.12205473839151613,0.512757600773541,2.1542676585868863,0 1 1 1 1 1,4.033395839542209e-11,9.588951854766492e-11,0.011904761903961841,0.007891012882843627,0.02914224041627868,0.12205473839126438,0.5127576007732988,2.154267658586649,0 1 1 1 1 1,4.043299028921865e-11,9.612666218572485e-11,2.5175694862156206e-13
medium,0.59,0.012195121950211016,0.008931185504833832,0.03245127931590733,0.1320628731928448,0.538997531464533,2.200001821549681,0 1 1 1 1 1,4.9606985186301245e-11,1.2080825229077163e-10,0.012195121950211016,0.008931185504658958,0.032451279315679454,0.13206287319261145,0.5389975314643054,2.2000018215494563,0 1 1 1 1 1,4.969891165274021e-11,1.2103296143095577e-10,2.333411242005923e-13
medium,0.6,0.012499999999220407,0.010117087681727645,0.03614282339247603,0.14293398027027882,0.5668077239796001,2.247844485655282,0 1 1 1 1 1,3.7346126191550866e-11,9.32200983072562e-11,0.012499999999220407,0.010117087681626656,0.03614282339234223,0.14293398027013896,0.5668077239794616,2.2478444856551443,0 1 1 1 1 1,3.7401193253572274e-11,9.335776596230971e-11,1.398603455271541e-13
medium,0.61,0.012820512819469523,0.011470476379272627,0.04026479503531041,0.15475478548505936,0.5963171186198968,2.2979497653816487,0 1 1 1 1 1,4.8690385057170715e-11,1.2464562715308602e-10,0.012820512819469523,0.01147047637916228,0.04026479503516317,0.15475478548490415,0.596317118619742,2.2979497653814946,0 1 1 1 1 1,4.8749893011290624e-11,1.24799726108904e-10,1.5520917884259688e-13
medium,0.62,0.013157894735958256,0.013016644416575112,0.04487191785685062,0.16762260026574885,0.6276686031601605,2.350487451031253,0 1 1 1 1 1,4.0115910593385706e-11,1.0539435990608581e-10,0.013157894735958256,0.013016644416500085,0.04487191785674942,0.16762260026564085,0.6276686031600519,2.350487451031145,0 1 1 1 1 1,4.015721088990176e-11,1.0550227358407938e-10,1.0857981180834031e-13
medium,0.63,0.01351351351226096,0.014785058390052942,0.05002682960123223,0.18164688411753285,0.6610209197418189,2.405645075954803,0 1 1 1 1 1,5.53050938378874e-11,1.4921663904488014e-10,0.01351351351226096,0.014785058389961496,0.0500268296011083,0.18164688411739982,0.6610209197416845,2.405645075954668,0 1 1 1 1 1,5.5354831829390605e-11,1.4935164216467456e-10,1.3500311979441904e-13
medium,0.64,0.01388888888773004,0.016810126540215745,0.055801406508630295,0.1969510834076771,0.6965508921312374,2.463630323223374,0 1 1 1 1 1,4.9688697600913656e-11,1.3777956553440163e-10,0.01388888888773004,0.01681012654014231,0.055801406508530084,0.19695108340756867,0.6965508921311271,2.4636303232232635,0 1 1 1 1 1,4.972866562980016e-11,1.378901437476543e-10,1.1057821325266559e-13
medium,0.65,0.014285714284586509,0.01913212506184601,0.062278343530737,0.2136748018485396,0.7344560355869076,2.524673836786087,0 1 1 1 1 1,4.6922910001967466e-11,1.3381962205016862e-10,0.014285714284586509,0.01913212506178369,0.062278343530651516,0.2136748018484466,0.7344560355868126,2.5246738367859916,0 1 1 1 1 1,4.695621669270622e-11,1.3391510123028638e-10,9.547918011776346e-14
medium,0.66,0.014705882351787852,0.02179832102301776,0.06955304907713086,0.23197637500367757,0.7749576298938127,2.5890325210011476,0 1 1 1 1 1,4.652589424836151e-11,1.3657963648938676e-10,0.014705882351787852,0.021798321022961985,0.06955304907705402,0.23197637500359353,0.7749576298937265,2.5890325210010605,0 1 1 1 1 1,4.6555648225421464e-11,1.3666667797451737e-10,8.704148513061227e-14
medium,0.67,0.015151515150276944,0.02486433837453383,0.07773592553627917,0.25203593633337557,0.8183043528090663,2.656993429697277,0 1 1 1 1 1,4.838884848368252e-11,1.4634116141110098e-10,0.015151515150276944,0.024864338374481296,0.07773592553620659,0.2520359363332959,0.8183043528089845,2.656993429697194,0 1 1 1 1 1,4.8415937925483377e-11,1.464237620041331e-10,8.260059303211165e-14
medium,0.68,0.015624999998605706,0.02839582715373308,0.08695512696797403,0.2740590861596495,0.8647765970216742,2.7288783725379835,0 1 1 1 1 1,5.2736481848114636e-11,1.644595570837737e-10,0.015624999998605706,0.02839582715368078,0.08695512696790156,0.27405908615956975,0.8647765970215919,2.7288783725379,0 1 1 1 1 1,5.276312720070564e-11,1.645430458552255e-10,8.348877145181177e-14
medium,0.69,0.016129032256419186,0.032470512443312366,0.09735990970487189,0.2982813037422245,0.9146916249376084,2.8050493985765805,0 1 1 1 1 1,6.017097931021453e-11,1.9367929482427826e-10,0.016129032256419186,0.03247051244325606,0.09735990970479372,0.29828130374213835,0.9146916249375197,2.8050493985764913,0 1 1 1 1 1,6.019851284122524e-11,1.9376855675545812e-10,8.926193117986259e-14
medium,0.7,0.016666666665243614,0.03718072174937839,0.10912472410275803,0.3249732808963429,0.9684097568533663,2.885915359268967,0 1 1 1 1 1,5.021805193905493e-11,1.6701395821883125e-10,0.016666666665243614,0.03718072174933398,0.10912472410269625,0.3249732808962747,0.9684097568532958,2.8859153592688958,0 1 1 1 1 1,5.0239368221127734e-11,1.6708501249240726e-10,7.105427357601002e-14
medium,0.71,0.017241379308478955,0.04263651836399828,0.12245423801413823,0.35444740519193935,1.0263418414513406,2.971939807976502,0 1 1 1 1 1,6.352740555826131e-11,2.1854207332694386e-10,0.017241379308478955,0.04263651836394499,0.12245423801406405,0.35444740519185725,1.0263418414512557,2.9719398079764168,0 1 1 1 1 1,6.355227455401291e-11,2.1862733845523508e-10,8.526512829121202e-14
medium,0.72,0.01923889416001337,0.04916606319226044,0.13761747388897788,0.3870696645590323,1.0889589082618558,3.0636506856050185,1 1 1 1 1 1,6.188738410628503e-11,2.209943339437359e-10,0.019238894158575093,0.049166063190952465,0.13761747388781254,0.387069664557971,1.0889589082608515,3.0636506856040353,1 1 1 1 1 1,6.216094305955266e-11,2.2197754745434395e-10,1.4382765811671305e-12
medium,0.73,0.022985738566159312,0.05699203706230976,0.15491154314402333,0.42326354673813243,1.1568024724635446,3.1616518379781504,1 1 1 1 1 1,6.333289448434698e-11,2.3454305164705147e-10,0.0229857385653779,0.05699203706157882,0.15491154314334768,0.42326354673749705,1.1568024724629313,3.1616518379775456,1 1 1 1 1 1,6.349587522436195e-11,2.3514790115086726e-10,7.814131286476567e-13
medium,0.74,0.02751361598673469,0.0661814009885745,0.17466021404862886,0.4635201485794509,1.2304978450939201,3.2666372469090375,1 1 1 1 1 1,6.933165153100163e-11,2.6663782293212535e-10,0.027513615986136976,0.06618140098800583,0.174660214048092,0.46352014857893736,1.2304978450934192,3.266637246908541,1 1 1 1 1 1,6.946043740185814e-11,2.671343146687377e-10,5.977128514356167e-13
medium,0.75,0.03300161802666125,0.07700377571832095,0.19727634007604472,0.508420486244396,1.3107721266952164,3.3794089521270134,1 1 1 1 1 1,6.086153803153138e-11,2.4343282944983e-10,0.033001618026259213,0.07700377571793278,0.19727634007567177,0.5084204862440341,1.3107721266948609,3.37940895212666,1 1 1 1 1 1,6.094991178429154e-11,2.4378632446087067e-10,4.020395127923848e-13
medium,0.76,0.03967494617290896,0.08979066796162984,0.22325674809405366,0.5586517043632006,1.3984749979536126,3.5008990499553128,1 1 1 1 1 1,5.859579488287636e-11,2.4413759902586207e-10,0.03967494617259323,0.08979066796132185,0.22325674809375418,0.5586517043629072,1.3984749979533229,3.5008990499550245,1 1 1 1 1 1,5.866507279961297e-11,2.4442581292305476e-10,3.157335504155867e-13
medium,0.77,0.047818415990158236,0.10495210814248868,0.2532029093380251,0.615031381553597,1.4946054604089907,3.632197460552849,1 1 1 1 1 1,6.176792410883536e-11,2.6854696244527076e-10,0.04781841598987496,0.1049521081422104,0.25320290933775225,0.6150313815533283,1.4946054604087242,3.6321974605525833,1 1 1 1 1 1,6.182876433058482e-11,2.688125277927611e-10,2.832734047331087e-13
medium,0.78,0.05779449067144463,0.12299853179319871,0.2878477229371368,0.6785386769192495,1.600345873862782,3.774587174799067,1 1 1 1 1 1,7.117550993029909e-11,3.235145484836721e-10,0.05779449067116128,0.12299853179291888,0.2878477229368608,0.6785386769189762,1.60034587386251,3.7745871747987967,1 1 1 1 1 1,7.123457379520914e-11,3.237849988124708e-10,2.8334973256605167e-13
medium,0.79,0.07006758975735687,0.14456983745181412,0.32809056405121756,0.7503546446728843,1.7171057222481299,3.9295894532418396,1 1 1 1 1 1,7.071054852758607e-11,3.3671243571120613e-10,0.07006758975710758,0.14456983745156685,0.32809056405097253,0.750354644672641,1.7171057222478874,3.929589453241597,1 1 1 1 1 1,7.076206287592868e-11,3.3695490841978426e-10,2.492867023917711e-13
medium,0.8,0.08523719084459448,0.17047438208131088,0.3750436410495374,0.8319149860787118,1.846578510561525,4.099022431308654,1 1 1 1 1 1,7.849898508993647e-11,3.9249048455758384e-10,0.08523719084434428,0.17047438208106203,0.37504364104929,0.8319149860784653,1.8465785105612793,4.099022431308407,1 1 1 1 1 1,7.854872308143968e-11,3.927373981582605e-10,2.5020263638708684e-13
medium,0.81,0.10408340979004879,0.20174191812972556,0.4300940351610848,0.9249799030072544,1.9908166286646962,4.285078032631435,1 1 1 1 1 1,7.87219178732812e-11,4.143227982922326e-10,0.10408340978982113,0.2017419181294986,0.4300940351608587,0.9249799030070289,1.9908166286644702,4.285078032631208,1 1 1 1 1 1,7.87645504374268e-11,4.1454928378925615e-10,2.2766510898719616e-13
medium,0.82,0.12763053233160196,0.23969636595847946,0.49498780158657196,1.0317278117374162,2.1523311630493502,4.490424256855727,1 1 1 1 1 1,7.384670652754721e-11,4.1025494113000605e-10,0.12763053233140675,0.23969636595828459,0.4949878015863775,1.0317278117372222,2.152331163049156,4.4904242568555315,1 1 1 1 1 1,7.388134548591552e-11,4.1045034038234007e-10,1.9539925233402755e-13
medium,0.83,0.1572367681518901,0.28605725329204384,0.5719456070609368,1.1548828920920087,2.334226922906438,4.718343219448451,1 1 1 1 1 1,8.077583046883774e-11,4.751523619006548e-10,0.15723676815169,0.28605725329184395,0.5719456070607372,1.1548828920918093,2.3342269229062387,4.718343219448252,1 1 1 1 1 1,8.08100253379962e-11,4.753513138666676e-10,2.0011770018868447e-13
medium,0.84,0.19472295657571584,0.3430833047881517,0.6638242480664747,1.2978914813927425,2.5403880751772565,4.972920484599941,1 1 1 1 1 1,7.250378075696062e-11,4.531486297310039e-10,0.19472295657554706,0.34308330478798293,0.6638242480663059,1.2978914813925737,2.540388075177088,4.972920484599772,1 1 1 1 1 1,7.253131428797133e-11,4.533173836307469e-10,1.6878165531863942e-13
medium,0.85,0.2425602238400449,0.4137792057466397,0.7743462382322972,1.465170396233579,2.7757379865596663,5.259309484163503,1 1 1 1 1 1,7.914824351473726e-11,5.276552528243883e-10,0.24256022383987125,0.413779205746466,0.7743462382321233,1.4651703962334048,2.7757379865594918,5.259309484163328,1 1 1 1 1 1,7.917400068890856e-11,5.278302239730692e-10,1.7497114868092467e-13
medium,0.86,0.3041487578354301,0.5021991121350498,0.9084326295589229,1.6624635631131608,3.0466103500850967,5.5841083629639785,1 1 1 1 1 1,7.745981633888732e-11,5.53281864767996e-10,0.30414875783526996,0.5021991121348895,0.9084326295587625,1.6624635631130005,3.046610350084936,5.584108362963817,1 1 1 1 1 1,7.748202079937982e-11,5.534426250619617e-10,1.616484723854228e-13
medium,0.87,0.3842407873523269,0.6139019479925968,1.0726963125820101,1.897365877816019,3.361291470344285,5.955909483117493,1 1 1 1 1 1,8.345768520712227e-11,6.419771381160899e-10,0.3842407873521639,0.6139019479924338,1.0726963125818474,1.8973658778158558,3.361291470344122,5.955909483117331,1 1 1 1 1 1,8.347811331077537e-11,6.421387865884753e-10,1.63202784619898e-13
medium,0.88,0.48959803604218244,0.7566515106062032,1.276191906576207,2.1801127416376977,3.7308334805511416,6.386121856776335,1 1 1 1 1 1,7.902301035755954e-11,6.58524790253523e-10,0.4895980360420355,0.7566515106060563,1.2761919065760607,2.180112741637551,3.7308334805509946,6.386121856776189,1 1 1 1 1 1,7.904077392595354e-11,6.586713396927735e-10,1.4699352846037073e-13
medium,0.89,0.6300424432321973,0.9415241009265491,1.5315893535924783,2.5248056972504194,4.170310782034933,6.890239495073656,1 1 1 1 1 1,8.145173424622953e-11,7.404707957903156e-10,0.6300424432320518,0.9415241009264036,1.5315893535923328,2.5248056972502737,4.170310782034789,6.890239495073512,1 1 1 1 1 1,8.146816554699399e-11,7.406151247835169e-10,1.4566126083082054e-13
medium,0.9,0.8201907372304138,1.1847199541661448,1.8570738431809373,2.9513815517005964,4.700829769586494,7.4898667325015085,1 1 1 1 1 1,8.749845292754799e-11,8.749845292754799e-10,0.820190737230264,1.1847199541659954,1.8570738431807883,2.9513815517004467,4.700829769586345,7.489866732501359,1 1 1 1 1 1,8.751310787147304e-11,8.751337432499895e-10,1.4976908602193362e-13
medium,0.91,1.0824298223125857,1.5106438183443112,2.2795467518782004,3.488906640712076,5.35287739955627,8.216087531881413,1 1 1 1 1 1,8.908496162973734e-11,9.898339925484834e-10,1.08242982231244,1.5106438183441653,2.2795467518780543,3.48890664071193,5.352877399556124,8.216087531881268,1 1 1 1 1 1,8.909850635063776e-11,9.899796538093142e-10,1.4654943925052066e-13
medium,0.92,1.4522611038604107,1.957395401225539,2.8402823035767626,4.181361344392415,6.1721795156601535,9.11535183346272,1 1 1 1 1 1,8.51470005613919e-11,1.064337062928189e-09,1.452261103860276,1.9573954012254042,2.8402823035766285,4.181361344392282,6.172179515660019,9.115351833462588,1 1 1 1 1 1,8.515765870242831e-11,1.064470289691144e-09,1.34781075189494e-13
medium,0.93,1.9884570781993438,2.587132327929999,3.6055239892997797,5.098414758533317,7.230577660574066,10.26039093463169,1 1 1 1 1 1,8.842437893008537e-11,1.2631948820285288e-09,1.9884570781992092,2.5871323279298646,3.605523989299646,5.098414758533183,7.2305776605739345,10.260390934631555,1 1 1 1 1 1,8.843414889270207e-11,1.2633289969699035e-09,1.3500311979441904e-13
medium,0.94,2.793780811737071,3.5070865513025433,4.687835201051348,6.35702875523488,8.647777348856184,11.772019939602723,1 1 1 1 1 1,9.3661967071057e-11,1.5610339687555097e-09,2.7937808117369336,3.5070865513024074,4.687835201051212,6.3570287552347455,8.647777348856051,11.772019939602588,1 1 1 1 1 1,9.367084885525401e-11,1.5611676396076746e-09,1.3722356584366935e-13
medium,0.95,4.061320079595375,4.916334833574898,6.29335859524718,8.169085699295998,10.639184056937285,13.867051622887407,1 1 1 1 1 1,9.036860149080894e-11,1.8073489371772666e-09,4.06132007959525,4.916334833574773,6.293358595247056,8.169085699295872,10.639184056937157,13.867051622887281,1 1 1 1 1 1,9.037570691816654e-11,1.807475058512864e-09,1.2789769243681803e-13
medium,0.96,6.19180928477198,7.223777499294822,8.840527702047273,10.960649067216973,13.635472458215196,16.97798055804453,1 1 1 1 1 1,9.460343619593914e-11,2.365069917686924e-09,6.1918092847718516,7.223777499294693,8.840527702047144,10.960649067216844,13.635472458215064,16.977980558044393,1 1 1 1 1 1,9.460876526645734e-11,2.3652049208067183e-09,1.3500311979441904e-13
medium,0.97,10.148831354333804,11.404356883096794,13.317415369191329,15.73015406742605,18.641247988442792,22.111819329007403,1 1 1 1 1 1,9.50102219121618e-11,3.1669991074068093e-09,10.14883135433368,11.40435688309667,13.317415369191203,15.730154067425925,18.641247988442668,22.111819329007282,1 1 1 1 1 1,9.50137746258406e-11,3.1671234523855674e-09,1.2612133559741778e-13
medium,0.98,18.88784021309402,20.42970472068261,22.71418152172204,25.482191142267464,28.669573859639407,32.28490032328252,1 1 1 1 1 1,9.732659123073972e-11,4.866244296408695e-09,18.8878402130939,20.429704720682494,22.714181521721923,25.482191142267343,28.669573859639282,32.28490032328239,1 1 1 1 1 1,9.733014394441852e-11,4.866365088673774e-09,1.2789769243681803e-13
medium,0.99,47.38831882901687,49.30299837806254,52.06091053658691,55.267546533186575,58.78323311538402,62.56458787453563,1 1 1 1 1 1,9.863754257821711e-11,9.863484251582122e-09,47.38831882901675,49.302998378062405,52.06091053658679,55.267546533186454,58.783233115383894,62.564587874535505,1 1 1 1 1 1,9.864464800557471e-11,9.863612149274559e-09,1.3500311979441904e-13
strong,0.0,0.005,0.0,0.0,0.0,0.0,1.0,0 0 0 0 0 1,0.0,0.0,0.005,0.0,0.0,0.0,0.0,1.0,0 0 0 0 0 1,0.0,0.0,0.0
strong,0.01,0.0050505050505,5.05050505e-05,5.050505000000001e-07,1.0246397363125001e-06,0.0010161974241644374,1.008574406753055,0 0 0 1 1 1,4.82058837292243e-13,4.864997293907436e-13,0.0050505050505,5.05050505e-05,5.050505000000001e-07,1.0246397363125001e-06,0.0010161974241644374,1.008574406753055,0 0 0 1 1 1,4.82058837292243e-13,4.864997293907436e-13,0.0
strong,0.02,0.00510204081632,0.00010204081631999999,2.04081632e-06,4.200321505954e-06,0.002065597161947142,1.0173003019236189,0 0 0 1 1 1,5.684341886080801e-13,5.793143742494067e-13,0.00510204081632,0.00010204081631999999,2.04081632e-06,4.200321505954e-06,0.002065597161947142,1.0173003019236189,0 0 0 1 1 1,5.684341886080801e-13,5.793143742494067e-13,0.0
strong,0.03,0.00515463917525435,0.00015463917525435,4.63917525435e-06,9.68719312705214e-06,0.0031494516810014568,1.0261818086529442,0 0 0 1 1 1,2.7045032879868813e-13,2.7822188997106423e-13,0.00515463917525435,0.00015463917525435,4.63917525435e-06,9.68719312705214e-06,0.0031494516810014568,1.0261818086529442,0 0 0 1 1 1,2.7045032879868813e-13,2.7822188997106423e-13,0.0
strong,0.04,0.0052083333332992,0.0002083333332992,8.333333299200002e-06,1.7655961851724038e-05,0.004269070873842114,1.0352232033359656,0 0 0 1 1 1,2.7002844404933057e-12,2.8048674494129955e-12,0.0052083333332992,0.0002083333332992,8.333333299200002e-06,1.7655961851724038e-05,0.004269070873842114,1.0352232033359656,0 0 0 1 1 1,2.7002844404933057e-12,2.8048674494129955e-12,0.0
strong,0.05,0.005263157894726563,0.0002631578947265625,1.31578947265625e-05,2.8288633950290718e-05,0.005425825224810647,1.0444289229122041,0 0 0 1 1 1,7.507328092515309e-13,7.87370169064161e-13,0.005263157894726563,0.0002631578947265625,1.31578947265625e-05,2.8288633950290718e-05,0.005425825224810647,1.0444289229122041,0 0 0 1 1 1,7.507328092515309e-13,7.87370169064161e-13,0.0
strong,0.06,0.005319148936116608,0.00031914893611660795,1.9148936116608e-05,4.177930321081035e-05,0.006621149158858946,1.0538035725379948,0 0 0 1 1 1,3.872679954497471e-12,4.103606343619504e-12,0.005319148936116608,0.00031914893611660795,1.9148936116608e-05,4.177930321081035e-05,0.006621149158858946,1.0538035725379948,0 0 0 1 1 1,3.872679954497471e-12,4.103606343619504e-12,0.0
strong,0.07,0.005376344086006318,0.0003763440860063186,2.6344086006318543e-05,5.833501340319039e-05,0.007856544647460247,1.0633519337775452,0 0 0 1 1 1,1.0169642905566434e-12,1.0886846979474285e-12,0.005376344086006318,0.0003763440860063186,2.6344086006318543e-05,5.833501340319039e-05,0.007856544647460247,1.0633519337775452,0 0 0 1 1 1,1.0169642905566434e-12,1.0886846979474285e-12,0.0
strong,0.08,0.005434782608637297,0.00043478260863729663,3.478260863729664e-05,7.817667067572265e-05,0.009133585003464976,1.0730789731933212,0 0 0 1 1 1,3.866240660954645e-12,4.1810999107383395e-12,0.005434782608637297,0.00043478260863729663,3.478260863729664e-05,7.817667067572265e-05,0.009133585003464976,1.0730789731933212,0 0 0 1 1 1,3.866240660954645e-12,4.1810999107383395e-12,0.0
strong,0.09,0.005494505494488253,0.0004945054944882521,4.4505494488252166e-05,0.00010154004801869471,0.010453918985439181,1.0829898515487173,0 0 0 1 1 1,1.0629275237761249e-12,1.1617373729677638e-12,0.005494505494488253,0.0004945054944882521,4.4505494488252166e-05,0.00010154004801869471,0.010453918985439181,1.0829898515487173,0 0 0 1 1 1,1.0629275237761249e-12,1.1617373729677638e-12,0.0
strong,0.1,0.0055555555555,0.0005555555555000001,5.5555555499999995e-05,0.00012867684721453514,0.011819275119213116,1.0930899334681978,0 0 0 1 1 1,3.3870684035264276e-12,3.740119325357227e-12,0.0055555555555,0.0005555555555000001,5.5555555499999995e-05,0.00012867684721453514,0.011819275119213116,1.0930899334681978,0 0 0 1 1 1,3.3870684035264276e-12,3.740119325357227e-12,0.0
strong,0.11,0.005617977527929601,0.0006179775279296002,6.797752792960019e-05,0.00015985586573752616,0.013231466366534118,1.1033847977775884,0 0 0 1 1 1,9.664047340152138e-12,1.078381828278907e-11,0.005617977527929601,0.0006179775279296002,6.797752792960019e-05,0.00015985586573752616,0.013231466366534118,1.1033847977775884,0 0 0 1 1 1,9.664047340152138e-12,1.078381828278907e-11,0.0
strong,0.12,0.005681818181767522,0.0006818181817675221,8.181818176752214e-05,0.00019536425015627954,0.014692395094594128,1.1138802484508379,0 0 0 1 1 1,2.850164548817702e-12,3.2156499685243034e-12,0.005681818181767522,0.0006818181817675221,8.181818176752214e-05,0.00019536425015627954,0.014692395094594128,1.1138802484508379,0 0 0 1 1 1,2.850164548817702e-12,3.2156499685243034e-12,0.0
strong,0.13,0.005747126436647713,0.0007471264366477122,9.712643664771215e-05,0.0002355088332638799,0.016204058346483776,1.1245823261723535,0 0 0 1 1 1,7.448042183000325e-12,8.493206138382448e-12,0.005747126436647713,0.0007471264366477122,9.712643664771215e-05,0.0002355088332638799,0.016204058346483776,1.1245823261723535,0 0 0 1 1 1,7.448042183000325e-12,8.493206138382448e-12,0.0
strong,0.14,0.005813953488325947,0.0008139534883259469,0.00011395348832594684,0.00028061762322064153,0.017768553586232916,1.135497320797854,0 0 0 1 1 1,2.4014124022642136e-12,2.7693403126249905e-12,0.005813953488325947,0.0008139534883259469,0.00011395348832594684,0.00028061762322064153,0.017768553586232916,1.135497320797854,0 0 0 1 1 1,2.4014124022642136e-12,2.7693403126249905e-12,0.0
strong,0.15,0.005882352941061988,0.0008823529410619885,0.0001323529410619885,0.00033104136380304527,0.01938808472451802,1.1466317844130811,0 0 0 1 1 1,5.888400878006905e-12,6.865397139677043e-12,0.005882352941061988,0.0008823529410619885,0.0001323529410619885,0.00033104136380304527,0.01938808472451802,1.1466317844130811,0 0 0 1 1 1,5.888400878006905e-12,6.865397139677043e-12,0.0
strong,0.16,0.005952380952112881,0.0009523809521128809,0.000152380952112881,0.000387155270429647,0.021064968686478953,1.1579925454107056,0 0 0 1 1 1,1.3625767181224546e-11,1.6064927166326015e-11,0.005952380952112881,0.0009523809521128809,0.000152380952112881,0.000387155270429647,0.021064968686478953,1.1579925454107056,0 0 0 1 1 1,1.3625767181224546e-11,1.6064927166326015e-11,0.0
strong,0.17,0.006024096385440736,0.0010240963854407363,0.0001740963854407363,0.00044936089085006195,0.022801642403934518,1.1695867234090795,0 0 0 1 1 1,4.8328008261933064e-12,5.764722033063663e-12,0.006024096385440736,0.0010240963854407363,0.0001740963854407363,0.00044936089085006195,0.022801642403934518,1.1695867234090795,0 0 0 1 1 1,4.8328008261933064e-12,5.764722033063663e-12,0.0
strong,0.18,0.006097560975381212,0.0010975609753812114,0.00019756097538121134,0.000518088101738953,0.02460067026943185,1.1814217450844355,0 0 0 1 1 1,1.0757839064012842e-11,1.2979173291682855e-11,0.006097560975381212,0.0010975609753812114,0.00019756097538121134,0.000518088101738953,0.02460067026943185,1.1814217450844355,0 0 0 1 1 1,1.0757839064012842e-11,1.2979173291682855e-11,0.0
strong,0.19,0.006172839506079129,0.0011728395060791289,0.00022283950607912884,0.0005937973388900466,0.026464752286556183,1.193505361283274,0 0 0 1 1 1,4.141575971061684e-12,5.056621787957738e-12,0.006172839506079129,0.0011728395060791289,0.00022283950607912884,0.0005937973388900466,0.026464752286556183,1.193505361283274,0 0 0 1 1 1,4.141575971061684e-12,5.056621787957738e-12,0.0
strong,0.2,0.006249999999795201,0.0012499999997952,0.0002499999997952,0.0006769819414789609,0.028396732650183498,1.2058456650247784,0 0 0 1 1 1,8.93951579428176e-12,1.1042944336736582e-11,0.006249999999795201,0.0012499999997952,0.0002499999997952,0.0006769819414789609,0.028396732650183498,1.2058456650247784,0 0 0 1 1 1,8.93951579428176e-12,1.1042944336736582e-11,0.0
strong,0.21,0.006329113923619479,0.001329113923619479,0.00027911392361947896,0.000768170771223706,0.03039960913614634,1.218451110978946,0 0 0 1 1 1,1.8584467298410345e-11,2.3230750656466626e-11,0.006329113923619479,0.001329113923619479,0.00027911392361947896,0.000768170771223706,0.03039960913614634,1.218451110978946,0 0 0 1 1 1,1.8584467298410345e-11,2.3230750656466626e-11,0.0
strong,0.22,0.006410256410063374,0.0014102564100633742,0.0003102564100633743,0.0008679310274811493,0.032476543131144675,1.2313305361814344,0 0 0 1 1 1,7.821521208484228e-12,9.89852644295297e-12,0.006410256410063374,0.0014102564100633742,0.0003102564100633743,0.0008679310274811493,0.032476543131144675,1.2313305361814344,0 0 0 1 1 1,7.821521208484228e-12,9.89852644295297e-12,0.0
strong,0.23,0.0064935064931082725,0.0014935064931082722,0.0003435064931082721,0.000976871284172186,0.03463087037701863,1.2444931821156973,0 0 0 1 1 1,1.592881382350697e-11,2.0404566924980827e-11,0.0064935064931082725,0.0014935064931082722,0.0003435064931082721,0.000976871284172186,0.03463087037701863,1.2444931821156973,0 0 0 1 1 1,1.592881382350697e-11,2.0404566924980827e-11,0.0
strong,0.24,0.006578947368229738,0.0015789473682297382,0.00037894736822973823,0.0010956448890673577,0.03686611275461654,1.2579487186582474,0 0 0 1 1 1,7.20112858232369e-12,9.341860618405917e-12,0.006578947368229738,0.0015789473682297382,0.00037894736822973823,0.0010956448890673577,0.03686611275461654,1.2579487186582474,0 0 0 1 1 1,7.20112858232369e-12,9.341860618405917e-12,0.0
strong,0.25,0.0066666666662786155,0.0016666666662786156,0.0004166666662786156,0.0012249535557182878,0.039185990748127446,1.2717072693824003,0 0 0 1 1 1,1.4414469617918257e-11,1.893418755116727e-11,0.0066666666662786155,0.0016666666662786156,0.0004166666662786156,0.0012249535557182878,0.039185990748127446,1.2717072693824003,0 0 0 1 1 1,1.4414469617918257e-11,1.893418755116727e-11,0.0
strong,0.26,0.006756756756557571,0.0017567567565575709,0.0004567567565575709,0.0013655514005285912,0.04159443716244517,1.2857794390787767,0 0 0 1 1 1,6.9682037917573325e-12,9.272360657064382e-12,0.006756756756557571,0.0017567567565575709,0.0004567567565575709,0.0013655514005285912,0.04159443716244517,1.2857794390787767,0 0 0 1 1 1,6.9682037917573325e-12,9.272360657064382e-12,0.0
strong,0.27,0.006849315068094865,0.0018493150680948648,0.0004993150680948649,0.0015182492440070693,0.04409561171785771,1.3001763429731703,0 0 0 1 1 1,1.3745449223279138e-11,1.8526069567315062e-11,0.006849315068094865,0.0018493150680948648,0.0004993150680948649,0.0015182492440070693,0.04409561171785771,1.3001763429731703,0 0 0 1 1 1,1.3745449223279138e-11,1.8526069567315062e-11,0.0
strong,0.28,0.006944444443667336,0.0019444444436673355,0.0005444444436673353,0.0016839194119134717,0.04669391705438627,1.3149096384381003,0 0 0 1 1 1,2.645172969550913e-11,3.611755339250067e-11,0.006944444443667336,0.0019444444436673355,0.0005444444436673353,0.0016839194119134717,0.04669391705438627,1.3149096384381003,0 0 0 1 1 1,2.645172969550913e-11,3.611755339250067e-11,0.0
strong,0.29,0.0070422535206969535,0.0020422535206969534,0.0005922535206969533,0.0018635009411431373,0.0493940159631643,1.3299915589656441,0 0 0 1 1 1,1.3784751118350869e-11,1.9076518142924215e-11,0.0070422535206969535,0.0020422535206969534,0.0005922535206969533,0.0018635009411431373,0.0493940159631643,1.3299915589656441,0 0 0 1 1 1,1.3784751118350869e-11,1.9076518142924215e-11,0.0
strong,0.3,0.007142857142026956,0.002142857142026956,0.000642857142026956,0.0020580052413285174,0.052200849982328636,1.3454349506348378,0 0 0 1 1 1,2.625055728344705e-11,3.6815217541175116e-11,0.007142857142026956,0.002142857142026956,0.000642857142026956,0.0020580052413285174,0.052200849982328636,1.3454349506348378,0 0 0 1 1 1,2.625055728344705e-11,3.6815217541175116e-11,0.0
strong,0.31,0.007246376811107399,0.0022463768111073983,0.0006963768111073982,0.002268522440037155,0.05511965986986991,1.3612533118390213,0 0 0 1 1 1,1.4509726753431096e-11,2.063194060042406e-11,0.007246376811107399,0.0022463768111073983,0.0006963768111073982,0.002268522440037155,0.05511965986986991,1.3612533118390213,0 0 0 1 1 1,1.4509726753431096e-11,2.063194060042406e-11,0.0
strong,0.32,0.007352941175538492,0.002352941175538492,0.0007529411755384923,0.002496228165670211,0.05815600746348352,1.377460835619324,0 0 0 1 1 1,2.7379210010280985e-11,3.946865057002924e-11,0.007352941175538492,0.002352941175538492,0.0007529411755384923,0.002496228165670211,0.05815600746348352,1.377460835619324,0 0 0 1 1 1,2.7379210010280985e-11,3.946865057002924e-11,0.0
strong,0.33,0.007462686566586499,0.0024626865665864986,0.0008126865665864985,0.0027423911961892092,0.06131579986720727,1.394072455979746,0 0 0 1 1 1,1.5999646052478056e-11,2.3392843218061898e-11,0.007462686566586499,0.0024626865665864986,0.0008126865665864985,0.0027423911961892092,0.06131579986720727,1.394072455979746,0 0 0 1 1 1,1.5999646052478056e-11,2.3392843218061898e-11,0.0
strong,0.34,0.007575757574659878,0.002575757574659877,0.0008757575746598768,0.0030083816761968343,0.0646053153768516,1.411103897404038,0 0 0 1 1 1,2.994848813386852e-11,4.441003120803089e-11,0.007575757574659878,0.002575757574659877,0.0008757575746598768,0.0030083816761968343,0.0646053153768516,1.411103897404038,0 0 0 1 1 1,2.994848813386852e-11,4.441003120803089e-11,0.0
strong,0.35,0.007692307691590635,0.002692307691590635,0.0009423076915906353,0.003295680370474483,0.06803123216752409,1.4285717290681086,0 0 0 1 1 1,1.844879804480115e-11,2.7758240150888014e-11,0.007692307691590635,0.002692307691590635,0.0009423076915906353,0.003295680370474483,0.06803123216752409,1.4285717290681086,0 0 0 1 1 1,1.844879804480115e-11,2.7758240150888014e-11,0.0
strong,0.36,0.007812499998646541,0.002812499998646541,0.001012499998646541,0.0036058886546470907,0.0716006591651928,1.4464934229980315,0 0 0 1 1 1,3.428657358028886e-11,5.2342796763582555e-11,0.007812499998646541,0.002812499998646541,0.001012499998646541,0.0036058886546470907,0.0716006591651928,1.4464934229980315,0 0 0 1 1 1,3.428657358028886e-11,5.2342796763582555e-11,0.0
strong,0.37,0.007936507935578395,0.002936507935578394,0.001086507935578394,0.003940739766923241,0.07532117024350182,1.464887417835606,0 0 0 1 1 1,2.2206458893947456e-11,3.441158469286165e-11,0.007936507935578395,0.002936507935578394,0.001086507935578394,0.003940739766923241,0.07532117024350182,1.464887417835606,0 0 0 1 1 1,2.2206458893947456e-11,3.441158469286165e-11,0.0
strong,0.38,0.008064516128369455,0.0030645161283694546,0.0011645161283694548,0.004302111019237735,0.07920084117757735,1.483773187492152,0 0 0 1 1 1,1.493494217186253e-11,2.3497426226981588e-11,0.008064516128369455,0.0030645161283694546,0.0011645161283694548,0.004302111019237735,0.07920084117757735,1.483773187492152,0 0 0 1 1 1,1.493494217186253e-11,2.3497426226981588e-11,0.0
strong,0.39,0.008196721310218829,0.0031967213102188285,0.0012467213102188284,0.00469203747724847,0.0832482904720555,1.503171316327236,0 0 0 1 1 1,2.7857938178499353e-11,4.4500847451445225e-11,0.008196721310218829,0.0031967213102188285,0.0012467213102188284,0.00469203747724847,0.0832482904720555,1.503171316327236,0 0 0 1 1 1,2.7857938178499353e-11,4.4500847451445225e-11,0.0
strong,0.4,0.008333333332395084,0.003333333332395084,0.0013333333323950836,0.005112727079547432,0.08747272406908328,1.5231035809462559,0 0 0 1 1 1,1.9616308577496966e-11,3.182853980376876e-11,0.008333333332395084,0.003333333332395084,0.0013333333323950836,0.005112727079547432,0.08747272406908328,1.5231035809462559,0 0 0 1 1 1,1.9616308577496966e-11,3.182853980376876e-11,0.0
strong,0.41,0.008474576269417495,0.003474576269417495,0.0014245762694174951,0.005566577301280291,0.09188398423388347,1.5435930391312607,0 0 0 1 1 1,3.636757561764625e-11,5.99418292779319e-11,0.008474576269417495,0.003474576269417495,0.0014245762694174951,0.005566577301280291,0.09188398423388347,1.5435930391312607,0 0 0 1 1 1,3.636757561764625e-11,5.99418292779319e-11,0.0
strong,0.42,0.008620689653791954,0.003620689653791954,0.0015206896537919544,0.006056193861201089,0.0964926037232173,1.5646641275393542,0 0 0 1 1 1,2.6757929205700748e-11,4.481925941490772e-11,0.008620689653791954,0.003620689653791954,0.0015206896537919544,0.006056193861201089,0.0964926037232173,1.5646641275393542,0 0 0 1 1 1,2.6757929205700748e-11,4.481925941490772e-11,0.0
strong,0.43,0.008771929823447766,0.003771929823447767,0.001621929823447767,0.006584411308042672,0.1013098649990891,1.5863427679623168,0 0 0 1 1 1,2.0351054175193894e-11,3.4650060598551136e-11,0.008771929823447766,0.003771929823447767,0.001621929823447767,0.006584411308042672,0.1013098649990891,1.5863427679623168,0 0 0 1 1 1,2.0351054175193894e-11,3.4650060598551136e-11,0.0
strong,0.44,0.008928571426462781,0.0039285714264627805,0.00172857142646278,0.0071543161182725185,0.10634786588214026,1.6086564842018571,0 0 0 1 1 1,3.785860513971784e-11,6.552980380547524e-11,0.008928571426462781,0.0039285714264627805,0.00172857142646278,0.0071543161182725185,0.10634786588214026,1.6086564842018571,0 0 0 1 1 1,3.785860513971784e-11,6.552980380547524e-11,0.0
strong,0.45,0.009090909089136706,0.004090909089136707,0.0018409090891367073,0.007769272444685045,0.11161959204465915,1.6316345302559112,0 0 0 1 1 1,2.998934434117473e-11,5.2793769356185294e-11,0.009090909089136706,0.004090909089136707,0.0018409090891367073,0.007769272444685045,0.11161959204465915,1.6316345302559112,0 0 0 1 1 1,2.998934434117473e-11,5.2793769356185294e-11,0.0
strong,0.46,0.009259259257722686,0.004259259257722686,0.0019592592577226857,0.008432950747219278,0.11713899694806702,1.6553080308126715,0 0 0 1 1 1,2.449973557361318e-11,4.3876902111605887e-11,0.009259259257722686,0.004259259257722686,0.0019592592577226857,0.008432950747219278,0.11713899694806702,1.6553080308126715,0 0 0 1 1 1,2.449973557361318e-11,4.3876902111605887e-11,0.0
strong,0.47,0.009433962262778072,0.004433962262778072,0.002083962262778072,0.009149359997071909,0.12292109076932824,1.6797101363507312,0 0 0 1 1 1,2.0623502905436908e-11,3.7586156409474825e-11,0.009433962262778072,0.004433962262778072,0.002083962262778072,0.009149359997071909,0.12292109076932824,1.6797101363507312,0 0 0 1 1 1,2.0623502905436908e-11,3.7586156409474825e-11,0.0
strong,0.48,0.009615384612753113,0.004615384612753112,0.0022153846127531125,0.009922883664682821,0.1289820389069647,1.7048761938556016,0 0 0 1 1 1,3.8785197276069994e-11,7.194489448636432e-11,0.009615384612753113,0.004615384612753112,0.0022153846127531125,0.009922883664682821,0.1289820389069647,1.7048761938556016,0 0 0 1 1 1,3.8785197276069994e-11,7.194489448636432e-11,0.0
strong,0.49,0.009803921566186955,0.004803921566186954,0.0023539215661869542,0.010758320215654964,0.135339271709961,1.7308439356243555,0 0 0 1 1 1,3.3870684035264276e-11,6.397637974941972e-11,0.009803921566186955,0.004803921566186954,0.0023539215661869542,0.010758320215654964,0.135339271709961,1.7308439356243555,0 0 0 1 1 1,3.3870684035264276e-11,6.397637974941972e-11,0.0
strong,0.5,0.009999999997671694,0.004999999997671693,0.0024999999976716937,0.011660928493888757,0.14201160640254976,1.7576536877387314,0 0 0 1 1 1,3.042055496393914e-11,5.852851536758408e-11,0.009999999997671694,0.004999999997671693,0.0024999999976716937,0.011660928493888757,0.14201160640254976,1.7576536877387314,0 0 0 1 1 1,3.042055496393914e-11,5.852851536758408e-11,0.0
strong,0.51,0.010204081630369621,0.005204081630369621,0.0026540816303696206,0.012636479015925467,0.14901938349128446,1.7853486016045967,0 0 0 1 1 1,2.8079094605004684e-11,5.5047300051569437e-11,0.010204081630369621,0.005204081630369621,0.0026540816303696206,0.012636479015925467,0.14901938349128446,1.7853486016045967,0 0 0 1 1 1,2.8079094605004684e-11,5.5047300051569437e-11,0.0
strong,0.52,0.01041666666436606,0.00541666666436606,0.0028166666643660602,0.0136913117773879,0.1563846191216271,1.8139749108689405,0 0 0 1 1 1,2.6618041104597978e-11,5.319078510979125e-11,0.01041666666436606,0.00541666666436606,0.0028166666643660602,0.0136913117773879,0.1563846191216271,1.8139749108689405,0 0 0 1 1 1,2.6618041104597978e-11,5.319078510979125e-11,0.0
strong,0.53,0.010638297867850371,0.005638297867850371,0.0029882978678503706,0.014832401623367217,0.16413117578447983,1.8435822173321168,0 0 0 1 1 1,5.086819854227542e-11,1.0363931934875836e-10,0.010638297867850371,0.005638297867850371,0.0029882978678503706,0.014832401623367217,0.16413117578447983,1.8435822173321168,0 0 0 1 1 1,5.086819854227542e-11,1.0363931934875836e-10,0.0
strong,0.54,0.010869565212714021,0.00586956521271402,0.0031695652127140205,0.01606743241816434,0.17228495417125717,1.8742238100518538,0 0 0 1 1 1,4.981903778400465e-11,1.0354184176719627e-10,0.010869565212714021,0.00586956521271402,0.0031695652127140205,0.01606743241816434,0.17228495417125717,1.8742238100518538,0 0 0 1 1 1,4.981903778400465e-11,1.0354184176719627e-10,0.0
strong,0.55,0.011111111106112905,0.006111111106112905,0.003361111106112904,0.017404881060336483,0.18087410864568904,1.9059570214333053,0 0 0 1 1 1,5.0034199006177005e-11,1.0612133394261036e-10,0.011111111106112905,0.006111111106112905,0.003361111106112904,0.017404881060336483,0.18087410864568904,1.9059570214333053,0 0 0 1 1 1,5.0034199006177005e-11,1.0612133394261036e-10,0.0
strong,0.56,0.011363636358160227,0.006363636358160228,0.003563636358160228,0.01885411329386018,0.18992929063920921,1.9388436266454065,0 0 0 1 1 1,5.150058157710191e-11,1.115176839761034e-10,0.011363636358160227,0.006363636358160228,0.003563636358160228,0.01885411329386018,0.18992929063920921,1.9388436266454065,0 0 0 1 1 1,5.150058157710191e-11,1.115176839761034e-10,0.0
strong,0.57,0.011627906970596014,0.006627906970596013,0.0037779069705960126,0.02042549286924772,0.19948392354794398,1.9729502917731332,0 0 0 1 1 1,5.429900973297208e-11,1.2009149230607363e-10,0.011627906970596014,0.006627906970596013,0.0037779069705960126,0.02042549286924772,0.19948392354794398,1.9729502917731332,0 0 0 1 1 1,5.429900973297208e-11,1.2009149230607363e-10,0.0
strong,0.58,0.01190476190066137,0.00690476190066137,0.004004761900661369,0.022130506374574782,0.20957451428880383,2.0083490783243656,0 0 0 1 1 1,3.267253134708881e-11,7.385025924122601e-11,0.01190476190066137,0.00690476190066137,0.004004761900661369,0.022130506374574782,0.20957451428880383,2.0083490783243656,0 0 0 1 1 1,3.267253134708881e-11,7.385025924122601e-11,0.0
strong,0.59,0.012195121946309093,0.007195121946309092,0.004245121946309092,0.02398190616984965,0.22024100697479596,2.0451180121977055,0 0 0 1 1 1,3.6712854978304676e-11,8.483969082817566e-11,0.012195121946309093,0.007195121946309092,0.004245121946309092,0.02398190616984965,0.22024100697479596,2.0451180121977055,0 0 0 1 1 1,3.6712854978304676e-11,8.483969082817566e-11,0.0
strong,0.6,0.012499999993984627,0.007499999993984627,0.0044999999939846266,0.025993874822050556,0.23152718614830775,2.0833417279819733,0 0 0 1 1 1,4.218048132997865e-11,9.970468894948681e-11,0.012499999993984627,0.007499999993984627,0.0044999999939846266,0.025993874822050556,0.23152718614830775,2.0833417279819733,0 0 0 1 1 1,4.218048132997865e-11,9.970468894948681e-11,0.0
strong,0.61,0.01282051281297773,0.00782051281297773,0.004770512812977731,0.028182214285126222,0.24348113682667302,2.123112199314873,0 0 0 1 1 1,4.9529269574577484e-11,1.1981660108517644e-10,0.01282051281297773,0.00782051281297773,0.004770512812977731,0.028182214285126222,0.24348113682667302,2.123112199314873,0 0 0 1 1 1,4.9529269574577484e-11,1.1981660108517644e-10,0.0
strong,0.62,0.013157894727194475,0.008157894727194474,0.005057894727194473,0.030564564534892858,0.25615577160620906,2.164529570190202,0 0 0 1 1 1,5.941158676137093e-11,1.4717382867956985e-10,0.013157894727194475,0.008157894727194474,0.005057894727194473,0.030564564534892858,0.25615577160620906,2.164529570190202,0 0 0 1 1 1,5.941158676137093e-11,1.4717382867956985e-10,0.0
strong,0.63,0.013513513505562298,0.008513513505562299,0.0054883195543146196,0.033183516723780344,0.2696136333917046,2.207703957590729,0 0 1 1 1 1,5.462252872234785e-11,1.4098988643240773e-10,0.013513513505562298,0.008513513505562299,0.005488319552587981,0.033183516720061264,0.2696136333861804,2.2077039575840613,0 0 1 1 1 1,5.7197802050268365e-11,1.4765744182909657e-10,6.66755539668884e-12
strong,0.64,0.013888888881981622,0.008888888881981622,0.0060799837095633505,0.036066534509576156,0.2839206177062654,2.2527552176653547,0 0 1 1 1 1,4.440003920080926e-11,1.1760459273091328e-10,0.013888888881981622,0.008888888881981622,0.006079983708688744,0.03606653450767647,0.2839206177034141,2.252755217661887,0 0 1 1 1 1,4.5707437834607845e-11,1.2107248537063242e-10,3.467892639719139e-12
strong,0.65,0.014285714275994506,0.009285714275994507,0.006741160292102453,0.0392228849903448,0.2991456224886809,2.2998138505768813,0 0 1 1 1 1,5.949196690835379e-11,1.617763700778596e-10,0.014285714275994506,0.009285714275994507,0.006741160291206006,0.03922288498839166,0.29914562248573817,2.299813850573292,0 0 1 1 1 1,6.081135595081832e-11,1.6536549907186782e-10,3.589128994008206e-12
strong,0.66,0.014705882343731769,0.009705882343731768,0.00748112304337152,0.042683103023158184,0.3153687253654862,2.3490239265584223,0 0 1 1 1 1,5.203570907497124e-11,1.4539258685886125e-10,0.014705882343731769,0.009705882343731768,0.007481123042742752,0.042683103021783,0.31536872536340455,2.3490239265558746,0 0 1 1 1 1,5.2947868312003266e-11,1.4794032665577106e-10,2.5477397969098092e-12
strong,0.67,0.015151515142344071,0.01015151514234407,0.00831057425224441,0.046481842272628866,0.33267916186159124,2.400544148012486,0 0 1 1 1 1,4.771472106313013e-11,1.3708678636703553e-10,0.015151515142344071,0.01015151514234407,0.008310574251743114,0.046481842271529586,0.3326791618599219,2.4005441480104386,0 0 1 1 1 1,4.842792833414933e-11,1.3913403762444432e-10,2.0472512574087887e-12
strong,0.68,0.015624999990410188,0.010624999990410187,0.009241899767566635,0.050658542651275285,0.35117664924076103,2.454549806105825,0 0 1 1 1 1,4.589928437326307e-11,1.3570655710282153e-10,0.015624999990410188,0.010624999990410187,0.009241899767148159,0.05065854265035571,0.351176649239361,2.454549806104105,0 0 1 1 1 1,4.6482373505796204e-11,1.3742651461257083e-10,1.7199575097492925e-12
strong,0.69,0.016129032247544736,0.011129032247544737,0.010289476496775635,0.05525822587713404,0.3709729448426866,2.511235065888628,0 0 1 1 1 1,4.6270098863487874e-11,1.4089884814438847e-10,0.016129032247544736,0.011129032247544737,0.010289476496406342,0.05525822587632122,0.37097294484144666,2.511235065887102,0 0 1 1 1 1,4.6773251938247995e-11,1.4242473866943328e-10,1.5258905250448151e-12
strong,0.7,0.016666666654570905,0.011666666654570905,0.0114700449787676,0.060332448293277295,0.3921936891987321,2.5708156476964064,0 0 1 1 1 1,4.8822279552496184e-11,1.532614035681945e-10,0.016666666654570905,0.011666666654570905,0.011470044978411182,0.0603324482924919,0.3921936891975325,2.5708156476949284,0 0 1 1 1 1,4.929479047177665e-11,1.5473933245857552e-10,1.4779288903810084e-12
strong,0.71,0.017241379295779128,0.012241379295779129,0.012803162874558027,0.06594044739250617,0.4149805963407937,2.6335319885407142,0 0 1 1 1 1,5.390132784555135e-11,1.7459989010149002e-10,0.017241379295779128,0.012241379295779129,0.012803162874197917,0.06594044739171188,0.414980596339579,2.633531988539217,0 0 1 1 1 1,5.4365401069844665e-11,1.7609691482789458e-10,1.497024726404561e-12
strong,0.72,0.01785714283878765,0.01285714283878765,0.014311759673546642,0.07215052836018916,0.43949406994582935,2.699652988381283,0 0 1 1 1 1,6.221156922947557e-11,2.081583794222297e-10,0.01785714283878765,0.01285714283878765,0.014311759673166157,0.07215052835934932,0.4394940699445439,2.6996529883796976,0 0 1 1 1 1,6.268763286243484e-11,2.0974377790139442e-10,1.5853984791647235e-12
strong,0.73,0.018518518500861596,0.013518518500861595,0.016022818784557847,0.07904174986946935,0.46591634505942997,2.7694804735986605,0 0 1 1 1 1,5.331557417775912e-11,1.8451018490850402e-10,0.018518518500861596,0.013518518500861595,0.016022818784260196,0.07904174986881181,0.4659163450584225,2.769480473597417,0 0 1 1 1 1,5.367706279457707e-11,1.857536346960842e-10,1.2434497875801753e-12
strong,0.74,0.019230769206122825,0.014230769206122824,0.01796822080219009,0.08670598508307717,0.49445528232108427,2.843354545201135,0 0 1 1 1 1,6.801936791589469e-11,2.4371260565203556e-10,0.019230769206122825,0.014230769206122824,0.017968220801842447,0.08670598508230888,0.49445528231990654,2.8433545451996807,0 0 1 1 1 1,6.842792998895675e-11,2.451669978142945e-10,1.454392162258955e-12
strong,0.75,0.019999999973061112,0.01499999997306111,0.02018579263320376,0.09525045734545967,0.5253489794052344,2.9216600279089207,0 0 1 1 1 1,6.610489933223107e-11,2.455942116341703e-10,0.019999999973061112,0.01499999997306111,0.020185792632890737,0.09525045734476761,0.525348979404173,2.9216600279076093,0 0 1 1 1 1,6.646105887853082e-11,2.469056070708575e-10,1.311395436687235e-12
strong,0.76,0.020833333301785863,0.01583333330178586,0.022720620386202116,0.10480087883933212,0.5588714107457441,3.0048342959216137,0 0 1 1 1 1,6.87636614316034e-11,2.652784658607743e-10,0.020833333301785863,0.01583333330178586,0.02272062038589517,0.10480087883865326,0.5588714107447026,3.0048342959203267,0 0 1 1 1 1,6.910072514187959e-11,2.665654363909198e-10,1.2869705301454815e-12
strong,0.77,0.02173913040433742,0.01673913040433742,0.025626704273323187,0.11550536380220443,0.5953393752779681,3.0933768387473455,0 0 1 1 1 1,5.739764219470089e-11,2.3035529039816538e-10,0.02173913040433742,0.01673913040433742,0.025626704273082525,0.11550536380167203,0.595339375277151,3.0933768387463356,0 0 1 1 1 1,5.765210531194498e-11,2.3136514926136442e-10,1.0098588631990424e-12
strong,0.78,0.022727272685947993,0.01772727268594799,0.028969059269852927,0.1275393425140593,0.635121118582613,3.187861040964661,0 0 1 1 1 1,6.907496796770829e-11,2.8881030900151927e-10,0.022727272685947993,0.01772727268594799,0.028969059269579975,0.1275393425134554,0.6351211185816861,3.1878610409635146,0 0 1 1 1 1,6.935252372386458e-11,2.899565032521423e-10,1.1461942506230116e-12
strong,0.79,0.023809523762202866,0.018809523762202865,0.03282640333747012,0.14111178250668477,0.6786471217300099,3.288948809304981,0 0 1 1 1 1,6.832001631096318e-11,2.982587510302892e-10,0.023809523762202866,0.018809523762202865,0.0328264033372168,0.14111178250612422,0.6786471217291494,3.2889488093039168,0 0 1 1 1 1,6.856737400084967e-11,2.9932278877708995e-10,1.06403774680075e-12
strong,0.8,0.024999999940714463,0.019999999940714462,0.037294626187039985,0.15647313135685828,0.7264237180603385,3.397408894041733,0 0 1 1 1 1,7.388578637801402e-11,3.375140167349855e-10,0.024999999940714463,0.019999999940714462,0.03729462618678321,0.15647313135629004,0.7264237180594662,3.3974088940406544,0 0 1 1 1 1,7.412648272975275e-11,3.385927094257113e-10,1.078692690725802e-12
strong,0.81,0.02631578940794748,0.02131578940794748,0.04249130763932435,0.1739255538433099,0.7790504450318213,3.5141400610027764,0 0 1 1 1 1,6.900169324808303e-11,3.3076474892368424e-10,0.02631578940794748,0.02131578940794748,0.042491307639101014,0.1739255538428156,0.7790504450310622,3.514140061001838,0 0 1 1 1 1,6.920153339251556e-11,3.317031094240974e-10,9.383605004131823e-13
strong,0.82,0.02777777769625689,0.022777777696256888,0.048561662035294446,0.1938362592108318,0.8372423830579093,3.640200703115604,0 0 1 1 1 1,7.209477459468872e-11,3.636664303030557e-10,0.02777777769625689,0.022777777696256888,0.04856166203507769,0.19383625921035205,0.8372423830571726,3.6402007031146937,0 0 1 1 1 1,7.227951570598634e-11,3.645768131832483e-10,9.103828801926284e-13
strong,0.83,0.02941176461218641,0.024411764612186408,0.05568644612416885,0.21665504513309009,0.9018592414312232,3.776847115415613,0 0 1 1 1 1,6.828893006627368e-11,3.638715995180064e-10,0.02941176461218641,0.024411764612186408,0.05568644612397993,0.21665504513267198,0.9018592414305813,3.7768471154148195,0 0 1 1 1 1,6.84425849328818e-11,3.6466518693600847e-10,7.935874180020619e-13
strong,0.84,0.03124999987701539,0.02624999987701539,0.06409260668688384,0.2429376728839647,0.9739436972954731,3.925583586661586,0 0 1 1 1 1,7.401590451650009e-11,4.1816061724375686e-10,0.03124999987701539,0.02624999987701539,0.06409260668669636,0.24293767288354975,0.9739436972948358,3.9255835866607978,0 0 1 1 1 1,7.416112168812106e-11,4.189488755912407e-10,7.882583474838611e-13
strong,0.85,0.03333333322031475,0.029167429173148046,0.07439050725265081,0.273502490575423,1.0548219201439835,4.088251512589473,0 1 1 1 1 1,7.477929386823234e-11,4.5570924811499935e-10,0.03333333322031475,0.029167429168575197,0.07439050724223106,0.27350249055853626,1.0548219201211222,4.0882515125626835,0 1 1 1 1 1,7.929834566766658e-11,4.824984856099945e-10,2.6789237494995177e-11
strong,0.86,0.035714285566836056,0.03414133957814217,0.0873608458505807,0.30940543622908256,1.1461555907633447,4.267115506047729,0 1 1 1 1 1,8.163247855463851e-11,5.311342476943537e-10,0.035714285566836056,0.0341413395754316,0.08736084584440271,0.30940543621906674,1.1461555907497805,4.26711550603183,0 1 1 1 1 1,8.415934615868537e-11,5.470326414069859e-10,1.5898393712632242e-11
strong,0.87,0.038461538288284344,0.04027287362703745,0.10316773414346014,0.3516687086204865,1.2499021493835603,4.4649221897048825,0 1 1 1 1 1,7.643308208571398e-11,5.346363352032313e-10,0.038461538288284344,0.04027287362527257,0.10316773413943718,0.35166870861396343,1.2499021493747247,4.464922189694525,0 1 1 1 1 1,7.79776243575725e-11,5.449942719337741e-10,1.035793673054286e-11
strong,0.88,0.041666666443973474,0.04790934583159362,0.1226042914482568,0.40183438055605797,1.3686354883676428,4.685158271378594,0 1 1 1 1 1,7.712230853940127e-11,5.842535344413591e-10,0.041666666443973474,0.047909345830260776,0.12260429144521853,0.4018343805511313,1.3686354883609697,4.6851582713707725,0 1 1 1 1 1,7.821299163879303e-11,5.920748336052384e-10,7.821299163879303e-12
strong,0.89,0.04545454513142206,0.057529955035247944,0.14674750919661783,0.4619471670362815,1.5056925913462464,4.932279100031382,0 1 1 1 1 1,8.708234133791848e-11,7.20749682159294e-10,0.04545454516696563,0.05752995507857065,0.14674750924989477,0.46194716710058153,1.505692591420743,4.932279100112587,0 1 1 1 1 1,7.725464712393659e-11,6.395444174245313e-10,8.120526473476275e-11
strong,0.9,0.04999999960198982,0.06980888746320311,0.17708765028865747,0.5347698510202739,1.6654818761994326,5.212085332793986,0 1 1 1 1 1,8.033662624029603e-11,7.362679355082946e-10,0.04999999960198982,0.06980888746241724,0.17708765028686596,0.5347698510173688,1.6654818761954977,5.212085332789375,0 1 1 1 1 1,8.08881850389298e-11,7.408793578633777e-10,4.61142235508305e-12
strong,0.91,0.05555555498302456,0.08571647803624503,0.21573240196542856,0.6241180048053231,1.853955975067263,5.5322957638407395,0 1 1 1 1 1,8.675460350104913e-11,8.926015482302319e-10,0.05555555498302456,0.08571647803564186,0.2157324019640536,0.6241180048030935,1.8539559750642434,5.5322957638372,0 1 1 1 1 1,8.714362564887779e-11,8.961409392327369e-10,3.539391002504999e-12
strong,0.92,0.06249999920269153,0.1066874782450553,0.26574041776346097,0.735398451986983,2.079362418965991,5.903449604253921,0 1 1 1 1 1,8.995204581196958e-11,1.0582610343590204e-09,0.06249999920269153,0.10668747824465047,0.2657404177625381,0.7353984519854864,2.0793624189639637,5.903449604251544,0 1 1 1 1 1,9.019007762844922e-11,1.060637799810138e-09,2.376765451117535e-12
strong,0.93,0.07955590833676424,0.1394367005459921,0.33421024509755054,0.8779266613735349,2.3543063007128184,6.340934266622975,1 1 1 1 1 1,9.192469008212356e-11,1.3130652121162711e-09,0.07955590837008432,0.1394367005793306,0.334210245130928,0.8779266614069676,2.354306300746309,6.3409342666565065,1 1 1 1 1 1,8.957190544833793e-11,1.2795338122373323e-09,3.353139987893883e-11
strong,0.94,0.11892113368235195,0.1948282412543372,0.4330473554430185,1.066789233294208,2.698331348884613,6.8679836820990054,1 1 1 1 1 1,9.083045426905301e-11,1.513809522180054e-09,0.118921133714528,0.19482824128651463,0.4330473554751986,1.066789233326392,2.6983313489168013,6.8679836821311975,1 1 1 1 1 1,8.889777802778553e-11,1.481617495358023e-09,3.219202682203104e-11
strong,0.95,0.18523064893801017,0.2827204651588349,0.5777554353008052,1.3243896995571105,3.1413883072250792,7.520248486677897,1 1 1 1 1 1,9.407852274989636e-11,1.8815633495705697e-09,0.18523064894332997,0.2827204651641549,0.5777554353061253,1.3243896995624307,3.1413883072304,7.520248486683218,1 1 1 1 1 1,9.381206922398633e-11,1.8762422726581462e-09,5.32107691242345e-12
strong,0.96,0.30528903904047705,0.4324928062742685,0.8035037940394938,1.6948135241707136,3.7379504220722666,8.360135112421636,1 1 1 1 1 1,9.282530299969949e-11,2.3206241372975e-09,0.3052890389873014,0.4324928062210929,0.8035037939863181,1.694813524117538,3.7379504220190913,8.36013511236846,1 1 1 1 1 1,9.495204622567144e-11,2.3737993792849466e-09,5.317568607665635e-11
strong,0.97,0.5472459684806141,0.7164972999098443,1.191971401089898,2.2738335026219767,4.59987413092913,9.51157655815368,1 1 1 1 1 1,9.421707858336958e-11,3.1405704703502124e-09,0.5472459684515495,0.7164972998807798,1.1919714010608338,2.2738335025929133,4.599874130900065,9.511576558124617,1 1 1 1 1 1,9.508926979151511e-11,3.16963344459964e-09,2.9064750606266898e-11
strong,0.98,1.1313477324937733,1.3622350258281066,1.986573114946457,3.3285033342955974,6.020685059062178,11.287668883744017,1 1 1 1 1 1,9.688916335903741e-11,4.84446083248713e-09,1.1313477324815546,1.3622350258158877,1.9865731149342376,3.328503334283378,6.020685059049958,11.287668883731795,1 1 1 1 1 1,9.71338565136648e-11,4.856680391185364e-09,1.2221335055073723e-11
strong,0.99,3.2234567817419,3.549058477859102,4.395951778365967,6.110327263286305,9.299095265727892,15.021549822475755,1 1 1 1 1 1,9.818457158417004e-11,9.818402091354983e-09,3.22345678174281,3.5490584778600125,4.395951778366877,6.110327263287211,9.299095265728798,15.021549822476665,1 1 1 1 1 1,9.817568979997304e-11,9.81749259665321e-09,9.103828801926284e-13
